"","Patid","mean_RPKM_1.19","mean_RPKM_20.29","Ratio20.29","mRNA_count","BRAF","NRAS","RSEM_normalized","ATI"
"1","TCGA-BF-A1PU",0.624459769312757,1.24042009129535,1.98638911944717,948,"V600E","NaN",107.1429,0
"2","TCGA-BF-A1PV",0.020993447890696,0.15815619203443,7.53359776144835,82,"NaN","Q61L",8.9659,0
"3","TCGA-BF-A1PX",0.0175283827632558,0.0961241427740831,5.48391395101122,92,"V600E","NaN",14.5985,0
"4","TCGA-BF-A1PZ",0.198744340282883,7.2755361861275,36.6075138329567,2822,"NaN","Q61R",329.081,1
"5","TCGA-BF-A1Q0",2.13353635887912,3.7166180120164,1.74199891018917,2211,"NaN","NaN",277.0434,0
"6","TCGA-BF-A3DJ",0.0624469399237629,0.556562391401612,8.91256468421159,281,"V600E","NaN",35.1542,0
"7","TCGA-BF-A3DL",0.0664268835247134,1.04897706294602,15.7914538103501,377,"V600K","NaN",67.1404,0
"8","TCGA-BF-A3DM",1.22028792762781,27.0797386074014,22.1912697768332,9074,"V600K","NaN",1078.4753,1
"9","TCGA-BF-A3DN",1.73617257283594,3.22320126774379,1.85649820655724,2159,"V600E","NaN",214.5705,0
"10","TCGA-BF-A5EO",0.0251162945429794,0.034120407834113,1.35849688240141,26,"NaN","Q61R",4.644,0
"11","TCGA-BF-A5EQ",0.0737429959251529,0.744882830849651,10.1010654843165,300,"V600K","NaN",48.5405,0
"12","TCGA-D3-A1Q1",0.128131682427499,0.0975899909638545,0.761638254606342,136,"NaN","G12R",15.4011,0
"13","TCGA-D3-A1Q3",0.0438310621217019,0.650272383024013,14.8358801166729,354,"NaN","NaN",27.8968,0
"14","TCGA-D3-A1Q4",1.87266825596257,1.95217028701181,1.04245387873485,1695,"V600E","NaN",200.812,0
"15","TCGA-D3-A1Q5",0.221632778219573,0.252868882878865,1.1409363042336,120,"V600E","NaN",21.1308,0
"16","TCGA-D3-A1Q6",0.202459108894584,0.111993805153746,0.553167529805037,151,"V600E","NaN",17.9558,0
"17","TCGA-D3-A1Q7",0.194066223807525,2.31380861433934,11.9227785698256,1037,"V600E","NaN",112.2604,1
"18","TCGA-D3-A1Q8",0.0318085953241777,0.0204081097421166,0.641591039595653,40,"NaN","Q61K",5.0882,0
"19","TCGA-D3-A1Q9",0.0392347365151121,0.226553074268352,5.77429834863528,112,"V600E","NaN",11.2026,0
"20","TCGA-D3-A1QA",0,0.548137310496171,Inf,182,"V600R","NaN",19.6517,0
"21","TCGA-D3-A1QA",0,0.548137310496171,Inf,182,"V600R","NaN",23.7252,0
"22","TCGA-D3-A1QA",0.00151756571228428,0.519561060558055,342.364786152158,218,"V600R","NaN",19.6517,0
"23","TCGA-D3-A1QA",0.00151756571228428,0.519561060558055,342.364786152158,218,"V600R","NaN",23.7252,0
"24","TCGA-D3-A1QB",0.0500781677670389,0.204512961536004,4.08387468342268,138,"NaN","Q61L",15.8767,0
"25","TCGA-D3-A2J6",0.0977869191873364,0.584398171087493,5.97624074819175,330,"NaN","NaN",36.8281,0
"26","TCGA-D3-A2J7",2.33147392358993,10.5850548358793,4.54007000840943,3004,"V600E","NaN",514.5841,0
"27","TCGA-D3-A2J8",0.00154562093041799,0.0116534116367282,7.53963110060674,8,"NaN","Q61L",0.2903,0
"28","TCGA-D3-A2J9",0.256228805591138,0.616102578954499,2.40450162320004,541,"NaN","NaN",37.5185,0
"29","TCGA-D3-A2JA",0.82673482972266,1.66953055256897,2.01942689789547,797,"V600E","NaN",126.1261,0
"30","TCGA-D3-A2JB",0.0390154901521332,0.111137004300901,2.84853538601064,135,"NaN","NaN",18.0511,0
"31","TCGA-D3-A2JC",0.91896261676136,3.67314420949236,3.9970550950564,1577,"NaN","NaN",220.0242,0
"32","TCGA-D3-A2JD",0.00295066094437015,49.4750630893895,16767.451097283,17136,"V600E","NaN",2446.0458,1
"33","TCGA-D3-A2JF",0.521701069991806,1.59139997920669,3.05040581808982,842,"NaN","NaN",154.5086,0
"34","TCGA-D3-A2JG",0.0997651526099885,0.113732089513824,1.13999815104214,141,"V600E","NaN",17.6426,0
"35","TCGA-D3-A2JH",0.859636669198559,2.21514342107268,2.57683682006942,1269,"K601E","NaN",129.6544,0
"36","TCGA-D3-A2JK",0.0345623896394169,0.0459050554030496,1.32817944250871,9,"V600E","NaN",15.5039,0
"37","TCGA-D3-A2JL",0.0206698790693831,1.79397645927717,86.791821725482,983,"NaN","G12R",164.3672,1
"38","TCGA-D3-A2JN",1.02760405701574,3.38463463564536,3.29371474600311,1768,"V600E","NaN",351.145,0
"39","TCGA-D3-A2JO",0.630206821851981,1.91673527916864,3.04143848131627,1251,"NaN","Q61K",131.3257,0
"40","TCGA-D3-A2JP",0.0798888653320138,0.156502720258704,1.9590054209468,141,"V600E","NaN",16.9118,0
"41","TCGA-D3-A3BZ",0.0165587634204,0.103270465142774,6.23660490345235,72,"NaN","NaN",11.1998,0
"42","TCGA-D3-A3C1",0.0423100703361848,0.281511780847829,6.65354083817421,204,"V600E","NaN",31.4516,0
"43","TCGA-D3-A3C3",0.00631553973501776,1.16969919245622,185.209695692451,401,"V600E","NaN",52.0257,0
"44","TCGA-D3-A3C6",0.303674888465355,1.26146672123507,4.15400406536738,565,"V600E","NaN",62.1099,0
"45","TCGA-D3-A3C7",0.198949586602179,0.632615896125445,3.17977989766035,407,"V600E","NaN",63.7669,0
"46","TCGA-D3-A3C8",0.0815813409549088,0.120219360623222,1.47361344170193,76,"NaN","NaN",14.5296,0
"47","TCGA-D3-A3CB",0.122719792951521,1.66464945294676,13.5646370720684,604,"V600E","NaN",85.8953,0
"48","TCGA-D3-A3CC",1.17344825428656,2.76213799834011,2.35386433807382,1879,"NaN","NaN",208.016,0
"49","TCGA-D3-A3CE",0.507685419320692,1.78057124037936,3.50723336266354,852,"V600E","NaN",102.8807,0
"50","TCGA-D3-A3CF",69.163861197092,593.539025292769,8.5816351924222,245377,"NaN","NaN",27652.968,0
"51","TCGA-D3-A3ML",0.372317714758729,0.549802831996188,1.47670339122186,449,"NaN","Q61L",44.4344,0
"52","TCGA-D3-A3MO",0.676388984572817,1.37644883339687,2.03499593398344,712,"V600E","NaN",77.793,0
"53","TCGA-D3-A3MR",0.601004159084341,1.25332927026481,2.08539200822556,930,"V600E","NaN",150.8561,0
"54","TCGA-D3-A3MU",0.135422239338387,0.562321557496211,4.15235754661468,292,"V600E","NaN",38.3854,0
"55","TCGA-D3-A3MV",0.0522837809868767,0.411962600351029,7.87935747138165,180,"NaN","Q61R",18.5403,0
"56","TCGA-D3-A51E",0.400488599078764,1.22213004204524,3.05159758569028,575,"NaN","Q61R",85.0515,0
"57","TCGA-D3-A51F",0.157762937655916,0.658963480596411,4.1769219715826,349,"V600E","NaN",52.8121,0
"58","TCGA-D3-A51G",0.218085947634997,0.444121565186632,2.03645200437189,243,"NaN","Q61K",26.4685,0
"59","TCGA-D3-A51H",0.00436514774096144,0.0335574941980978,7.68759643189228,12,"NaN","NaN",3.1928,0
"60","TCGA-D3-A51J",0.0530456739153653,0.0592453965794891,1.11687517956724,64,"V600E","NaN",8.4099,0
"61","TCGA-D3-A51K",0,0.020544618517732,Inf,25,"NaN","NaN",9.3458,0
"62","TCGA-D3-A51N",0.647586127229398,1.23259686158415,1.9033713196693,644,"V600E","NaN",130.5712,0
"63","TCGA-D3-A51R",0.0144824327068339,0.0119830617765797,0.827420504493364,10,"NaN","Q61R",0.4794,0
"64","TCGA-D3-A51T",0.0173154951456045,0.10402311175944,6.00751586279911,57,"G469R","NaN",10.5263,0
"65","TCGA-D3-A5GN",2.00319886154587,2.44764426442415,1.22186783918962,1350,"V600E","NaN",233.1637,0
"66","TCGA-D3-A5GO",0.0675444304884686,5.0216103315566,74.3452908735962,1747,"NaN","Q61R",304.0159,1
"67","TCGA-D3-A5GR",0.527859408814778,3.90310959514284,7.39422188932207,1501,"V600E","NaN",210.0674,0
"68","TCGA-D3-A5GS",1.72106535075786,5.38882053032841,3.1310958226865,1878,"V600E","NaN",329.6758,0
"69","TCGA-D3-A5GT",0.0264649430380125,0.395725048501971,14.9528018229088,151,"V600E","NaN",43.1869,0
"70","TCGA-D3-A5GU",0.0613829351202218,0.339517783405461,5.53114286145648,132,"V600E","NaN",19.4057,0
"71","TCGA-D9-A148",0.561567589964187,3.08284117637484,5.48970637100236,1569,"V600E","NaN",154.8591,0
"72","TCGA-D9-A149",0.0419880779043676,1.10062447087887,26.2127852907595,496,"NaN","NaN",47.5179,0
"73","TCGA-D9-A1JW",0.0171254781942377,0.812561196633456,47.447504088199,262,"N581T","NaN",30.3288,0
"74","TCGA-D9-A1JX",0.521514498453135,60.7439564259278,116.476064627351,19173,"V600E","NaN",2419.9313,1
"75","TCGA-D9-A1X3",0.150379008083135,1.63694010764368,10.885429612215,610,"NaN","NaN",63.6637,0
"76","TCGA-D9-A3Z1",0,0.0359139428792575,Inf,17,"NaN","Q61R",2.6987,0
"77","TCGA-D9-A3Z3",0.104277118695667,1.7181615656835,16.4768799442758,693,"V600E","NaN",92.5709,0
"78","TCGA-D9-A3Z4",1.16119163684966,3.88355133877927,3.34445341796935,1578,"NaN","Q61R",213.8996,0
"79","TCGA-D9-A4Z2",1.00864203094624,2.65135144009492,2.62863469769111,1239,"V600E","NaN",135.1981,0
"80","TCGA-D9-A4Z3",0.301538741170997,1.11369548995695,3.69337447530629,558,"NaN","Q61R",85.4829,0
"81","TCGA-D9-A4Z5",0.0820168614628627,0.216084551917762,2.63463570860493,118,"N581H","NaN",18.6833,0
"82","TCGA-D9-A4Z6",0.0295082059367665,0.699092635629576,23.6914652530103,232,"R726C","NaN",39.96,0
"83","TCGA-D9-A6E9",0.295858936940628,11.1455837022542,37.6719521049684,3388,"V600E","NaN",590.8265,1
"84","TCGA-D9-A6EA",2.0143707548566,5.05654382202784,2.5102349256395,2337,"NaN","Q61R",308.601,0
"85","TCGA-D9-A6EC",0.0822008477594119,1.41536839636017,17.2184160497069,550,"L485Y","NaN",67.8601,0
"86","TCGA-DA-A1HV",0.0211726955879703,0.113620331096692,5.36636115248583,58,"NaN","Q61K",9.2336,0
"87","TCGA-DA-A1HW",0.0965935625156034,0.442835472231021,4.58452365456018,343,"V600E","NaN",30.8065,0
"88","TCGA-DA-A1HY",1.33605927691528,1.42137703054437,1.06385776073205,1806,"V600E","NaN",144.5245,0
"89","TCGA-DA-A1I0",0.00301491255648636,0.086113921310207,28.5626596781188,76,"V600K","NaN",13.3283,0
"90","TCGA-DA-A1I1",0.271472080343665,0.334502177737559,1.23217893093869,258,"NaN","Q61L",30.6878,0
"91","TCGA-DA-A1I2",0.121299920845308,4.49228884590275,37.0345571093299,2015,"V600E","NaN",176.9518,1
"92","TCGA-DA-A1I4",0.194179865618051,4.16075715629311,21.4273356459998,1589,"V600E","NaN",219.4414,1
"93","TCGA-DA-A1I5",0.0433982162490006,0.786552689556761,18.1240787649855,334,"V600E","NaN",47.9906,0
"94","TCGA-DA-A1I7",2.22691471127726,2.68433556342978,1.20540564478563,2421,"V600E","NaN",282.0513,0
"95","TCGA-DA-A1I8",4.91225043599474,5.40017431100901,1.09932797225463,5512,"V600E","NaN",570.364,0
"96","TCGA-DA-A1IA",0.364203730257977,2.76283741329837,7.58596681956378,1073,"NaN","NaN",170.7934,0
"97","TCGA-DA-A1IB",0.0882934881729948,7.24600854844199,82.0673041509559,2651,"G469A","NaN",461.6623,1
"98","TCGA-DA-A1IC",0.682622873927941,30.6584588895472,44.9127330192331,8157,"NaN","NaN",1212.9964,1
"99","TCGA-DA-A3F2",0,1.30975355222956,Inf,427,"NaN","NaN",171.6867,0
"100","TCGA-DA-A3F3",0.637731773099206,1.51223313738995,2.37126829990123,899,"NaN","Q61R",85.9781,0
"101","TCGA-DA-A3F5",0.459202275769776,0.426276411795483,0.928297689903435,483,"V600E","NaN",68.038,0
"102","TCGA-DA-A3F8",1.04123503267744,2.49057787668676,2.3919459089678,1489,"V600K","NaN",169.1814,0
"103","TCGA-EB-A1NK",0.132790006617433,0.794951536413141,5.98653134119791,525,"NaN","Q61R",50.2439,0
"104","TCGA-EB-A24C",0.0627770178867968,0.346610645964229,5.52129836095843,175,"V600E","NaN",17.3938,0
"105","TCGA-EB-A24D",0.0810258822393503,0.240454055061052,2.96762032594414,175,"L245F","NaN",19.6247,0
"106","TCGA-EB-A299",0.0577516491330236,0.418409418958331,7.24497785326577,192,"V600E","NaN",34.2177,0
"107","TCGA-EB-A3HV",0.733475649847619,1.84371263636872,2.51366577302431,1196,"V600E","NaN",166.8098,0
"108","TCGA-EB-A3XB",0.0148013559537165,0.142849332067733,9.65109767743034,91,"V600K","NaN",14.3801,0
"109","TCGA-EB-A3XC",0.107687006801699,0.534661822913571,4.96496131513923,167,"V600R","NaN",31.2981,0
"110","TCGA-EB-A3XD",0.0194249814902065,0.274375599192906,14.124883430712,107,"V600E","NaN",25.625,0
"111","TCGA-EB-A3XE",0.059519414314415,0.220109796282777,3.69811764477441,121,"V600E","NaN",23.1092,0
"112","TCGA-EB-A3Y6",0.283837466949504,0.937520015541558,3.30301713025204,469,"V600E","NaN",58.1655,0
"113","TCGA-EB-A3Y7",0.00909956601453771,0.51155919577795,56.217977314596,196,"NaN","NaN",45.3304,0
"114","TCGA-EB-A41A",0.0771915661690502,1.49795857279435,19.405728464089,738,"NaN","NaN",82.924,0
"115","TCGA-EB-A41B",0.641333610444104,9.88332893189839,15.4105893889679,3888,"NaN","NaN",529.3752,1
"116","TCGA-EB-A42Y",0.00685964039726515,0.101212262491996,14.7547475713666,43,"NaN","NaN",4.835,0
"117","TCGA-EB-A42Z",1.14189588463561,2.17499036785297,1.90471863251091,1364,"V600E","NaN",155.3116,0
"118","TCGA-EB-A430",0.0778072086683719,0.572745621446285,7.36108686133991,258,"V600E","NaN",25.7235,0
"119","TCGA-EB-A431",0.071673960366019,0.167448581073483,2.33625406240104,84,"V600E","NaN",10.4393,0
"120","TCGA-EB-A44N",0.0171514777100389,0.402895672468214,23.4904350097132,127,"V600E","NaN",26.8535,0
"121","TCGA-EB-A44O",0,0.509644044283437,Inf,130,"NaN","Q61K",15.6709,0
"122","TCGA-EB-A44P",0.284003815878969,1.4295352507246,5.03350719531814,546,"V600E","NaN",75.2501,0
"123","TCGA-EB-A44Q",0.00293920237772565,0.0171262883022099,5.82684895466851,10,"NaN","Q61L",1.6136,0
"124","TCGA-EB-A44R",0.18119360361829,0.86219274782832,4.75840609497812,332,"NaN","G13D",44.6994,0
"125","TCGA-EB-A4IQ",0.0209308689735628,0.0143866068572378,0.687339205811719,30,"NaN","NaN",4.2039,0
"126","TCGA-EB-A4IS",0.0149465266811012,0.274938711726904,18.3948229306374,104,"V600E","NaN",13.8154,0
"127","TCGA-EB-A4OY",0.0182271975794848,0.122826542697213,6.738641097272,60,"NaN","NaN",16.6818,0
"128","TCGA-EB-A4OZ",0,0.140542498916268,Inf,79,"V600E","NaN",33.4213,0
"129","TCGA-EB-A4P0",0,0.965794541557224,Inf,312,"V600E","NaN",60.9137,0
"130","TCGA-EB-A551",2.30085946581327,3.58283791755629,1.5571737304216,1950,"NaN","Q61K",303.1123,0
"131","TCGA-EB-A553",0.00832485569396826,0.123050397070033,14.7810846930582,75,"V600E","NaN",27.6954,0
"132","TCGA-EB-A57M",0.0114263068905024,0.050666107288064,4.43416300416173,27,"NaN","NaN",4.5478,0
"133","TCGA-EB-A5SE",0.0680357162443693,1.68089285260308,24.7060359674275,511,"V600E","NaN",67.6348,0
"134","TCGA-EB-A5SF",0.00929427028997883,0.127218905635814,13.6878852956302,57,"NaN","NaN",16.0932,0
"135","TCGA-EB-A5SG",0.0951379452443339,0.548819845562762,5.76867457199416,296,"NaN","Q61R",58.5134,0
"136","TCGA-EB-A5SH",0.00284353464188175,0.125662572057929,44.192383031694,39,"NaN","NaN",8.2559,0
"137","TCGA-EB-A5UL",0.0462583362155071,0.371116682609657,8.02269845765115,135,"NaN","Q61K",16.0305,0
"138","TCGA-EB-A5UM",0.126407359296795,0.562238572413507,4.44783100874224,203,"NaN","NaN",44.0129,0
"139","TCGA-EB-A5UN",0.26448314390521,20.3865721469506,77.080799350514,5555,"V600E","NaN",945.898,1
"140","TCGA-EE-A17X",0.00771965144241363,0.10728408068066,13.8975291152675,60,"NaN","Q61K",7.9826,0
"141","TCGA-EE-A17Y",0.0167166615942308,0.0274343784340399,1.6411397861585,17,"V600E","NaN",1.8144,0
"142","TCGA-EE-A17Z",0.00746458585148612,0.191379374952294,25.6383111883149,94,"NaN","NaN",12.6582,0
"143","TCGA-EE-A180",0.0891281456960763,1.28186134536044,14.3822283673615,465,"NaN","NaN",48.7879,0
"144","TCGA-EE-A181",0.0893271505912684,1.07277902656615,12.0095516252929,393,"S467L","NaN",47.4747,0
"145","TCGA-EE-A182",0.00110052357145762,1.5494824379984,1407.95025039413,557,"NaN","NaN",100.6524,1
"146","TCGA-EE-A183",0.00996544521003381,0.661040021043645,66.3332151360453,227,"V600K","NaN",28.7666,0
"147","TCGA-EE-A184",0.835388895431873,1.27059038354583,1.52095675498412,855,"NaN","Q61H",105.7944,0
"148","TCGA-EE-A185",0.0205894067587967,5.1826083789449,251.712370329983,1062,"NaN","Q61K",216.5746,1
"149","TCGA-EE-A20B",0.278204230875191,1.14475600892219,4.11480445613983,424,"V600E","NaN",65.1122,0
"150","TCGA-EE-A20C",1.13508578979384,52.6150762816381,46.3533917477676,20786,"NaN","Q61R",2601.6556,1
"151","TCGA-EE-A20F",0.0915174632457733,3.07448602836698,33.5945285121195,1373,"V600E","NaN",154.1325,1
"152","TCGA-EE-A20H",0.208880222868466,0.427087154342134,2.04465098934271,300,"V600K","NaN",29.0078,0
"153","TCGA-EE-A20I",0,0.105563047502203,Inf,54,"NaN","NaN",5.2399,0
"154","TCGA-EE-A29A",12.0989785173235,15.9044793231853,1.31453075153518,9597,"V600E","NaN",1406.8643,0
"155","TCGA-EE-A29B",0.00721030071123378,1.85339038070067,257.047584411154,475,"NaN","NaN",76.2565,0
"156","TCGA-EE-A29C",0.0268946288727352,0.0374174165155384,1.39125981966871,42,"V600E","NaN",8.8486,0
"157","TCGA-EE-A29D",1.41323836334503,42.8707623344138,30.3351249487326,19344,"NaN","NaN",1725.9867,1
"158","TCGA-EE-A29E",0.0015618493542584,0.563563858570435,360.831124355157,256,"V600K","NaN",26.2407,0
"159","TCGA-EE-A29G",0.088871100391741,0.535729336645763,6.02816139649768,250,"NaN","Q61K",32.2007,0
"160","TCGA-EE-A29H",0.0338662665276085,0.715756801410372,21.1348009331608,227,"V600E","NaN",37.6115,0
"161","TCGA-EE-A29L",0.0315675408347468,0.0234302795221326,0.74222694902932,38,"NaN","Q61L",3.2914,0
"162","TCGA-EE-A29M",0.0200894559086722,0.467581948335713,23.2749931337796,178,"V600E","NaN",21.4213,0
"163","TCGA-EE-A29N",0.51397999048849,4.62396778342868,8.9963964920775,2051,"D594N","NaN",202.2749,0
"164","TCGA-EE-A29P",0.0407568900025305,1.65867976904183,40.6969169860322,472,"V600E","NaN",85.0662,0
"165","TCGA-EE-A29Q",0.458374383578471,12.2510373210109,26.7271421787767,6855,"NaN","Q61L",512.7371,1
"166","TCGA-EE-A29R",0.200042602794435,0.236645703786066,1.18297652840103,217,"NaN","Q61R",22.9032,0
"167","TCGA-EE-A29S",0.678523533277432,5.64944163688555,8.32608061447388,2467,"NaN","Q61L",270.9151,0
"168","TCGA-EE-A29V",0.000309017440639068,0.555388099285758,1797.27104767025,283,"NaN","G12A",31.7687,0
"169","TCGA-EE-A29W",6.08545305545294,9.55583054935383,1.5702743020573,6159,"V600E","NaN",781.295,0
"170","TCGA-EE-A29X",0.195333591970592,0.439783537713943,2.25144857716103,319,"NaN","Q61R",41.2523,0
"171","TCGA-EE-A2A0",0.0579718072370925,1.35015840741016,23.2899140419807,392,"P367S","NaN",84.199,0
"172","TCGA-EE-A2A1",0.0135983358157229,1.01117029852678,74.3598563993123,595,"NaN","Q61R",42.0994,0
"173","TCGA-EE-A2A2",0.0326536732178114,16.1150697496248,493.514761482779,6703,"NaN","Q61L",699.1915,1
"174","TCGA-EE-A2A5",0.0935186708559395,1.34958183130915,14.4311485498774,483,"NaN","Q61R",49.9109,0
"175","TCGA-EE-A2A6",0.162801315742587,0.667614245838872,4.10079146346992,330,"V600E","NaN",39.281,0
"176","TCGA-EE-A2GB",0.317681690688379,3.70921966140288,11.6759000286275,1610,"V600K","NaN",141.7924,1
"177","TCGA-EE-A2GC",0.394836239479613,1.03449570799942,2.62006271096814,241,"G466E","NaN",74.3728,0
"178","TCGA-EE-A2GD",0.672804339551347,8.64795019685251,12.8535886118382,4785,"NaN","Q61K",390.4474,1
"179","TCGA-EE-A2GE",0.0723720188182529,0.0919460689910282,1.27046433818478,95,"V600E","NaN",9.5206,0
"180","TCGA-EE-A2GH",0.114666620944875,0.559986385854453,4.88360414949056,308,"V600E","NaN",67.0766,0
"181","TCGA-EE-A2GI",0.265246902282285,3.78357119069336,14.2643369560137,1789,"NaN","NaN",216.681,1
"182","TCGA-EE-A2GJ",0.61347591579121,3.15759635758421,5.14705838698135,1215,"G466E","G12D",146.661,0
"183","TCGA-EE-A2GK",0.013873037903821,0.0498765379555925,3.59521384583366,24,"NaN","NaN",2.5478,0
"184","TCGA-EE-A2GL",1.46327740843318,3.95728235867981,2.70439653880607,2204,"NaN","Q61K",226.5335,0
"185","TCGA-EE-A2GM",0.210432831771006,2.39025697744989,11.3587644918972,1102,"P348T","Q61R",116.6607,1
"186","TCGA-EE-A2GN",0.171883443790423,0.756528886328054,4.40140638123639,428,"NaN","Q61K",51.5301,0
"187","TCGA-EE-A2GO",17.3034366302312,24.6668281133489,1.42554503134094,21565,"G469R","NaN",2187.6248,0
"188","TCGA-EE-A2GP",0.235688154769805,2.32461973622473,9.86311653419821,599,"NaN","Q61R",78.0336,0
"189","TCGA-EE-A2GR",0.189642831799373,0.739230245133089,3.8980131129614,236,"NaN","NaN",32.5849,0
"190","TCGA-EE-A2GS",0.220335361414704,0.469129853832909,2.12916279448189,366,"V600E","NaN",41.8398,0
"191","TCGA-EE-A2GT",0.00968350476171805,0.0777613780415711,8.03029274576147,32,"V600K","NaN",6.8027,0
"192","TCGA-EE-A2GU",0.719414474310095,9.61015903480224,13.3583064811397,4126,"NaN","Q61K",380.4064,1
"193","TCGA-EE-A2M5",0.190813457732585,0.327496572881547,1.71631800384078,211,"V600E","NaN",25.1134,0
"194","TCGA-EE-A2M6",0.376034410876587,0.962910119867788,2.56069681927012,680,"V600E","NaN",70.6606,0
"195","TCGA-EE-A2M7",0.121196650102862,0.274378892816234,2.26391482424113,126,"V600E","NaN",16.943,0
"196","TCGA-EE-A2M8",0.337881841633574,0.994878270438194,2.94445616144451,430,"V600E","NaN",54.5164,0
"197","TCGA-EE-A2MC",0.00556401373355686,0.069361842706125,12.4661523187479,26,"NaN","Q61R",3.2141,0
"198","TCGA-EE-A2MD",0.167609878804233,0.639389077402259,3.81474577730028,340,"NaN","Q61R",33.9994,0
"199","TCGA-EE-A2ME",0.18694035242585,0.939804425531889,5.02729567659643,292,"V600K","NaN",54.6039,0
"200","TCGA-EE-A2MF",0.1503464749483,3.57697518101668,23.7915467073418,1310,"NaN","Q61K",135.4491,1
"201","TCGA-EE-A2MG",0.389065306919321,1.24798035886814,3.20763721841415,650,"V600E","NaN",79.3457,0
"202","TCGA-EE-A2MH",0.701346473115291,1.47812346313197,2.10755100338116,816,"V600E","NaN",103.142,0
"203","TCGA-EE-A2MI",1.6108522837117,2.72364882471759,1.69081228133582,2008,"NaN","NaN",219.754,0
"204","TCGA-EE-A2MJ",0.667226385693646,0.887565912424243,1.33023203436647,494,"NaN","NaN",64.224,0
"205","TCGA-EE-A2MK",2.15185473645436,5.39351042057909,2.50644726579734,2205,"V600E","NaN",293.3704,0
"206","TCGA-EE-A2ML",0.292160211549042,0.797929893401874,2.73113812853306,365,"NaN","Q61R",37.5616,0
"207","TCGA-EE-A2MM",0.816915694072178,3.96607553320945,4.85493859646554,1739,"NaN","Q61H",188.881,0
"208","TCGA-EE-A2MN",0.229078252750126,0.545898108562779,2.38302022129632,345,"NaN","Q61K",41.6846,0
"209","TCGA-EE-A2MP",0.546112897946479,4.06777964134168,7.44860569423932,1816,"V600E","NaN",202.6568,0
"210","TCGA-EE-A2MQ",1.27803912989341,4.31795891342506,3.37858115016023,1923,"P731S","NaN",227.9134,0
"211","TCGA-EE-A2MR",1.00762393192672,1.60997563890094,1.59779416495442,1185,"NaN","NaN",119.6023,0
"212","TCGA-EE-A2MS",6.18687278542686,11.1614102763061,1.80404715975359,6443,"NaN","NaN",830.3118,0
"213","TCGA-EE-A2MT",0.0979239724593757,4.00790219737234,40.9287133345723,1137,"NaN","NaN",174.7714,1
"214","TCGA-EE-A2MU",0.0100544114426389,2.96815997474854,295.209718806724,1004,"NaN","61_62QE>HK",132.319,1
"215","TCGA-EE-A3AA",0.838748423404165,1.32543978271233,1.58025904517694,756,"E695K","NaN",107.8771,0
"216","TCGA-EE-A3AB",0.0589749167960057,0.0406259239433092,0.688867846712431,53,"V600E","NaN",7.7219,0
"217","TCGA-EE-A3AC",0.492948210735709,2.36100488157867,4.78955969442499,1187,"NaN","Q61K",125.3725,0
"218","TCGA-EE-A3AD",0.0369307287033422,2.79601659305882,75.7097596291346,877,"V600E","NaN",100.7806,1
"219","TCGA-EE-A3AE",0.218784573260659,2.55712022474342,11.6878452014845,1111,"NaN","NaN",113.8466,1
"220","TCGA-EE-A3AF",0.113201449195504,8.83826485253781,78.0755451043187,2372,"V600E","NaN",333.5901,1
"221","TCGA-EE-A3AG",0.877120047247486,0.922075601489972,1.05125359337477,1042,"V600E","NaN",103.7101,0
"222","TCGA-EE-A3AH",0.537251814183225,4.78909893904648,8.91406750543461,2068,"V600E","NaN",239.012,0
"223","TCGA-EE-A3J3",0.151220480143468,0.235130992868475,1.55488854846512,197,"V600E","NaN",20.1988,0
"224","TCGA-EE-A3J4",0.0613304488651944,0.281059990433486,4.58271536624918,148,"V600E","NaN",17.8204,0
"225","TCGA-EE-A3J5",0.0367377613010722,0.324297766089369,8.82736875096154,146,"NaN","NaN",16.6966,0
"226","TCGA-EE-A3J7",2.16143686225122,3.66310736240913,1.69475566295,2484,"NaN","Q61R",249.6721,0
"227","TCGA-EE-A3J8",1.40954727699318,1.6286524974904,1.15544368328291,532,"NaN","Q61R",166.321,0
"228","TCGA-EE-A3JA",0.128625092297405,0.596337036467205,4.63624185464811,123,"NaN","Q61R",40.4896,0
"229","TCGA-EE-A3JB",0.229033551355165,0.0697437569122392,0.304513275454943,296,"V600E","NaN",31.8544,0
"230","TCGA-EE-A3JD",1.48271600821011,2.94512520837975,1.98630431726101,804,"S467L","NaN",201.9374,0
"231","TCGA-EE-A3JE",0.490797590829437,1.12230443440006,2.28669507628061,256,"V600E","NaN",66.3082,0
"232","TCGA-EE-A3JH",0.067364579261109,1.80405919448022,26.7805308704977,667,"K601E","NaN",115.5675,1
"233","TCGA-EE-A3JI",0.798600147719511,1.86220180321666,2.33183253037753,1247,"NaN","Q61K",106.7332,0
"234","TCGA-ER-A193",0.140775261050091,0.841048488021975,5.97440545837604,402,"V600R","NaN",42.0175,0
"235","TCGA-ER-A194",0,0.767113006884019,Inf,204,"NaN","NaN",48.6931,0
"236","TCGA-ER-A195",0,0.244510912244596,Inf,92,"NaN","Q61K",12.157,0
"237","TCGA-ER-A196",0.00730432489250391,0.113682774484803,15.5637620393187,30,"NaN","NaN",6.7867,0
"238","TCGA-ER-A197",0.409250994708531,11.3742050067159,27.792736373962,3829,"NaN","NaN",573.4348,1
"239","TCGA-ER-A198",0.255716347819811,0.560673907453324,2.1925618453162,385,"V600E","NaN",36.891,0
"240","TCGA-ER-A199",0.18121453454771,0.377819180075868,2.08492757503619,164,"NaN","Q61R",24.0269,0
"241","TCGA-ER-A19A",0.882975548533189,1.07801969750129,1.22089416778541,1080,"NaN","NaN",101.4764,0
"242","TCGA-ER-A19B",3.57201534016051,4.7364289785045,1.32598226140083,3365,"V600E","NaN",402.5659,0
"243","TCGA-ER-A19C",0.268763985541934,1.98896808720806,7.40042637482666,809,"V600E","NaN",101.8469,0
"244","TCGA-ER-A19D",0.0254784924313162,0.0370118349491195,1.45266973895313,37,"NaN","Q61K",3.7661,0
"245","TCGA-ER-A19E",0.310764450136938,0.19669289147037,0.632932407113161,213,"V600E","NaN",24.2834,0
"246","TCGA-ER-A19F",0.0682560251381122,0.727412925464785,10.6571240266761,202,"G466E","NaN",27.8978,0
"247","TCGA-ER-A19G",0.704448162697397,1.17179673063719,1.66342506473475,715,"V600E","NaN",88.4648,0
"248","TCGA-ER-A19H",1.13426430438712,2.01744475349981,1.77863725914385,1303,"V600E","NaN",109.3158,0
"249","TCGA-ER-A19J",0.0645053789400638,0.0924277693058301,1.43286917811476,74,"V600K","NaN",8.9491,0
"250","TCGA-ER-A19K",0,0.68772742110984,Inf,264,"V600K","NaN",33.5935,0
"251","TCGA-ER-A19L",0.454625746331091,0.814715743811719,1.79205808379006,366,"NaN","NaN",57.6653,0
"252","TCGA-ER-A19M",0.389812366486474,2.60878120220791,6.69240236199236,956,"V600E","NaN",129.8992,0
"253","TCGA-ER-A19N",0.10129041298309,6.14208715557711,60.6383859507267,2547,"NaN","Q61H",328.79,1
"254","TCGA-ER-A19O",0.0118428096651868,2.47293969399864,208.813597778921,867,"V600E","NaN",190.3482,1
"255","TCGA-ER-A19P",0.0368034708952039,0.463073608362461,12.5823352281376,211,"V600E","NaN",26.1785,0
"256","TCGA-ER-A19Q",0.07507797923621,0.285246991393631,3.79934295375996,188,"V600E","NaN",19.7307,0
"257","TCGA-ER-A19S",0.602344419772712,1.29215966960635,2.14521729958739,862,"V600E","NaN",115.8766,0
"258","TCGA-ER-A19T",0.105462338912583,0.428378433663422,4.0619090955161,169,"NaN","NaN",26.5169,0
"259","TCGA-ER-A19T",0.105462338912583,0.428378433663422,4.0619090955161,169,"NaN","NaN",209.5117,0
"260","TCGA-ER-A19T",0.565548169874542,3.85442389276867,6.81537682921636,1551,"NaN","NaN",26.5169,0
"261","TCGA-ER-A19T",0.565548169874542,3.85442389276867,6.81537682921636,1551,"NaN","NaN",209.5117,0
"262","TCGA-ER-A19W",0.226595975266958,3.62783862116311,16.0101635383818,1032,"NaN","Q61K",160.3613,1
"263","TCGA-ER-A1A1",0.0295502780848929,0.145203653966568,4.91378299552453,71,"NaN","NaN",7.2294,0
"264","TCGA-ER-A2NB",0,0.118568991284884,Inf,94,"NaN","Q61R",27.6572,0
"265","TCGA-ER-A2NC",2.54064379098435,4.49429253501122,1.76895814791492,2695,"V600K","G13R",294.4286,0
"266","TCGA-ER-A2ND",0.00498477701135393,0.379906025732161,76.2132438154889,191,"V600E","NaN",34.0811,0
"267","TCGA-ER-A2NE",0.185271579205045,2.81464847824015,15.1920142869031,996,"NaN","Q61K",107.8578,1
"268","TCGA-ER-A2NF",0.0277965648772414,0.549873237287324,19.7820572331776,288,"NaN","NaN",38.0747,0
"269","TCGA-ER-A2NF",0.0277965648772414,0.549873237287324,19.7820572331776,288,"NaN","NaN",56.8524,0
"270","TCGA-ER-A2NF",0.0524752290112383,1.05667800137048,20.1367010927037,409,"NaN","NaN",38.0747,0
"271","TCGA-ER-A2NF",0.0524752290112383,1.05667800137048,20.1367010927037,409,"NaN","NaN",56.8524,0
"272","TCGA-ER-A2NG",0.150334335390606,1.50280016284998,9.99638677980869,678,"V600E","NaN",70.763,0
"273","TCGA-ER-A2NH",0.423196058883056,1.42453930785141,3.36614502415548,439,"NaN","Q61R",78.1915,0
"274","TCGA-ER-A3ES",0.903736582689773,4.3561903079684,4.82019915029129,863,"NaN","NaN",288.023,0
"275","TCGA-ER-A3ET",0.0355814956567997,0.0903217833890264,2.53844819397764,46,"NaN","NaN",8.5001,0
"276","TCGA-ER-A3EV",0.0209633037552242,0.0915449169225695,4.36691267709918,14,"NaN","NaN",5.6883,0
"277","TCGA-ER-A3PL",0.0604494682078408,0.178197048645038,2.94786792883522,78,"V600E","NaN",11.7099,0
"278","TCGA-ER-A42H",0.00534467403972581,0.242579531375394,45.387151690141,111,"NaN","NaN",18.197,0
"279","TCGA-ER-A42K",1.04808779572138,1.70617641144936,1.62789455083296,1026,"V600E","NaN",134.3639,0
"280","TCGA-ER-A42L",0.934822518460835,2.6306746592993,2.81408995541811,1494,"V600K","NaN",178.9336,0
"281","TCGA-FR-A2OS",0.0359891917560369,0.0852051323945431,2.36752003135082,76,"NaN","NaN",8.0665,0
"282","TCGA-FR-A3R1",0.383007640403216,2.71268377729585,7.08258397780274,1055,"NaN","NaN",126.498,0
"283","TCGA-FR-A3YN",0.136268731777104,1.22500714912387,8.98964225430398,533,"NaN","Q61R",54.6989,0
"284","TCGA-FR-A3YO",0.00452871598774042,0.890632446611266,196.663347629279,267,"600_601VK>E","NaN",48.1203,0
"285","TCGA-FR-A44A",1.02841777935767,1.45554406171236,1.41532370494554,1186,"V600E","NaN",130.0125,0
"286","TCGA-FR-A69P",0.739532688057287,3.09937226201613,4.19098751423418,922,"NaN","Q61R",140.1246,0
"287","TCGA-FS-A1YW",0.176430606598512,1.31225937757538,7.43782160519108,552,"NaN","Q61K",63.7948,0
"288","TCGA-FS-A1YX",0.463739394632524,1.38060278774573,2.97710913440888,814,"V600E","NaN",72.8142,0
"289","TCGA-FS-A1YY",0.0374874296182573,0.376820123966018,10.0519061403585,178,"V600E","NaN",17.6878,0
"290","TCGA-FS-A1Z0",0.26685794935654,1.02741711088262,3.85005248432724,429,"NaN","Q61R",51.0274,0
"291","TCGA-FS-A1Z3",1.0869093499616,9.67806294712766,8.9042043363318,3898,"NaN","Q61H",392.366,0
"292","TCGA-FS-A1Z4",0.0402555532700253,0.0584459140325463,1.45187208434335,57,"NaN","NaN",4.8826,0
"293","TCGA-FS-A1Z7",1.04089339958357,2.32663502123333,2.23522891216732,1360,"V600E","NaN",157.967,0
"294","TCGA-FS-A1ZA",0.508105124084638,0.759282825306386,1.49434199600772,602,"NaN","Q22K",58.465,0
"295","TCGA-FS-A1ZB",0.00334771150390463,0.0626956193273494,18.7279038991932,39,"NaN","Q61R",3.7316,0
"296","TCGA-FS-A1ZC",0.193693974003549,0.243632421385904,1.2578213784877,254,"V600K","NaN",27.133,0
"297","TCGA-FS-A1ZD",2.14835701108721,4.27165290341745,1.98833475133433,2248,"V600E","NaN",274.6041,0
"298","TCGA-FS-A1ZE",2.47966503208099,6.09334922924536,2.4573275625586,3310,"NaN","Q61K",385.0536,0
"299","TCGA-FS-A1ZF",0.430280215873002,47.9377944718783,111.410640562724,17432,"V600E","NaN",2167.0365,1
"300","TCGA-FS-A1ZG",0.000702922115211653,0.317308035345983,451.412793080838,112,"NaN","NaN",9.8394,0
"301","TCGA-FS-A1ZH",0.502708945415632,0.654843500087252,1.30262949577282,591,"V600E","NaN",65.6414,0
"302","TCGA-FS-A1ZJ",0.0788347356249001,2.06771285846298,26.2284491991103,741,"NaN","NaN",91.6525,0
"303","TCGA-FS-A1ZK",0.573196785265018,1.72347929019011,3.00678464097327,953,"NaN","NaN",91.8502,0
"304","TCGA-FS-A1ZM",4.59371803893036,54.8041611429248,11.9302405325003,21017,"V600E","NaN",2535.0422,1
"305","TCGA-FS-A1ZN",2.59900025124866,7.14547996308414,2.74931868885014,3728,"V600E","NaN",391.0024,0
"306","TCGA-FS-A1ZP",0.0074430355454905,0.103801979051405,13.9461888119418,70,"NaN","Q61L",10.6677,0
"307","TCGA-FS-A1ZQ",0.384875053297744,1.62112053748104,4.21206966674174,788,"NaN","Q61R",96.2354,0
"308","TCGA-FS-A1ZR",2.41310019770428,3.7603561929243,1.55830918106995,2888,"V600E","NaN",286.0392,0
"309","TCGA-FS-A1ZS",3.45630129227626,4.51060711513505,1.30503874914344,3377,"V600E","NaN",400.6309,0
"310","TCGA-FS-A1ZT",0.0894692474234166,0.136365085447239,1.5241559460301,116,"NaN","Q61R",9.9871,0
"311","TCGA-FS-A1ZU",0.20668789179961,0.273377397008333,1.32265801652949,212,"NaN","NaN",29.5666,0
"312","TCGA-FS-A1ZW",0.139719017721631,1.07411197963259,7.68765768002031,470,"NaN","Q61K",95.7563,0
"313","TCGA-FS-A1ZY",0.438730778795332,1.55482201669179,3.5439091393611,725,"NaN","Q61R",94.4182,0
"314","TCGA-FS-A1ZZ",0.738211953889568,2.21459296972377,2.99994189752048,1247,"N581S","P34L",116.0479,0
"315","TCGA-FS-A4F0",0.143030798731028,0.849771122089198,5.94117581407909,366,"NaN","NaN",37.2926,0
"316","TCGA-FS-A4F4",0.0864170889108998,0.158425945517935,1.83327102908176,83,"NaN","NaN",21.3793,0
"317","TCGA-FS-A4F5",0.879947481013337,1.94756816566634,2.21327773269326,1126,"NaN","Q61R",127.2357,0
"318","TCGA-FS-A4F8",0.0246920283727565,0.199174878869121,8.06636359971451,73,"V600E","NaN",11.5112,0
"319","TCGA-FS-A4F9",0.259161420146464,1.02243034611846,3.94514872445381,458,"NaN","Q61K",60.2571,0
"320","TCGA-FS-A4FB",0.801764996215863,2.46631687161172,3.07610943761843,1091,"V600E","NaN",148.8806,0
"321","TCGA-FS-A4FC",3.92508326651378,19.2289927322507,4.89900249920805,7687,"NaN","G13R",951.9345,0
"322","TCGA-FS-A4FD",0.0494465542004858,0.360471694414176,7.29012769934602,176,"NaN","Q61R",28.3019,0
"323","TCGA-FW-A3I3",0.221345717561741,0.985903409081773,4.4541336509335,438,"NaN","NaN",53.3618,0
"324","TCGA-FW-A3R5",0.0914488031391319,1.74159365326057,19.0444663404821,567,"G469E","NaN",70.8024,0
"325","TCGA-FW-A3TU",0.784054797621662,1.6543563641007,2.11000094523877,1039,"NaN","NaN",194.3257,0
"326","TCGA-FW-A3TV",0.127284964517456,1.75919858710539,13.8209457320792,792,"V600E","NaN",76.719,0
"327","TCGA-FW-A5DX",1.68792006958947,2.35061593263754,1.39261092689611,1442,"V600E","NaN",167.7241,0
"328","TCGA-FW-A5DY",0.346055535102659,1.7323982160317,5.00612774628146,751,"V600E","NaN",119.7605,0
"329","TCGA-GF-A2C7",0.0717229328378921,1.54917524200234,21.5994408023411,641,"V600E","NaN",72.1291,0
"330","TCGA-GF-A3OT",0.00952976603621881,0.00478735473864161,0.502358055848045,16,"NaN","Q61K",2.3225,0
"331","TCGA-GF-A4EO",0.0123198240077791,0.0191555012239172,1.55485185598608,21,"V600E","NaN",4.377,0
"332","TCGA-GF-A6C8",0.257148381034944,1.40717915620945,5.47224583155446,527,"V600E","NaN",74.3317,0
"333","TCGA-GF-A6C9",0.0162634142339505,0.0918969946903991,5.65053520548967,67,"V600K","",12.6812,0
"334","TCGA-GN-A262",2.50059504549832,9.04952915731718,3.61895028689613,4984,"V600E","NaN",695.7669,0
"335","TCGA-GN-A263",0.00271335009380539,0.0111145721394772,4.09625435540069,16,"V600E","NaN",4.4122,0
"336","TCGA-GN-A264",0.0038294333680781,0.124428149716431,32.4925746857631,71,"NaN","NaN",7.8284,0
"337","TCGA-GN-A265",0.385016040591646,0.149849820414586,0.389204097014542,353,"V600E","NaN",41.5361,0
"338","TCGA-GN-A266",0.516102350968987,0.911874058122568,1.76684732478067,678,"NaN","NaN",78.4277,0
"339","TCGA-GN-A267",0.0518650585455461,0.942575801551119,18.1736187711691,348,"NaN","Q61K",87.4148,0
"340","TCGA-GN-A268",0.060871781260971,0.316751946444005,5.20359253306583,227,"NaN","Q61K",28.0381,0
"341","TCGA-GN-A26A",0.303482955395754,0.296909545466271,0.97834010176647,246,"NaN","NaN",38.8303,0
"342","TCGA-GN-A26C",1.36947048562482,3.09472079108518,2.25979371119723,1995,"NaN","NaN",239.4461,0
"343","TCGA-GN-A26D",0.683636373241543,3.48418539899413,5.09654771947468,1799,"NaN","NaN",193.1506,0
"344","TCGA-HR-A2OG",1.10445913881025,2.36730286584076,2.14340466084682,1802,"NaN","Q61R",215.0168,0
"345","TCGA-HR-A2OH",0.109401732012264,0.43605231615324,3.98578987857668,198,"V600E","NaN",26.5418,0
"346","TCGA-IH-A3EA",0.210120158293326,0.442315821474951,2.10506133760608,167,"V600K","NaN",53.9595,0
"347","TCGA-QB-A6FS",0.196311560984179,0.513647077191098,2.61648919002021,276,"V600K","NaN",50.6038,0
"348","TCGA-RP-A690",0.591172277513259,2.32860648195472,3.93896427577745,878,"NaN","NaN",145.4635,0
"349","TCGA-RP-A693",0.109452668391323,0.188709056359508,1.72411563037296,121,"NaN","NaN",20.6334,0
"350","TCGA-RP-A694",0.0785425737774707,0.461046041867465,5.87001443540309,208,"NaN","Q61K",25.6618,0
"351","TCGA-RP-A695",0.107978520414287,0.676994267557265,6.26971239242587,339,"NaN","Q61R",53.9266,0
