"","Patid","mean_RPKM_1.19","mean_RPKM_20.29","Ratio20.29","mRNA_count","EGFR","KRAS","RSEM_normalized","ATI"
"1","TCGA-05-4244",0.0296749944126204,0.167219598405321,5.63503386319778,3699,NA,NA,6.6323,0
"2","TCGA-05-4249",0.0139460161564238,0.109810315359663,7.87395584000398,2800,"NaN","G12C",7.083,0
"3","TCGA-05-4250",0.00403267650875658,0.0402416350483775,9.97888994096019,889,NA,NA,1.658,0
"4","TCGA-05-4382",NA,NA,NA,NA,"R222L","NaN",9.3329,0
"5","TCGA-05-4384",NA,NA,NA,NA,"NaN","NaN",5.4979,0
"6","TCGA-05-4389",NA,NA,NA,NA,"NaN","NaN",7.3826,0
"7","TCGA-05-4390",NA,NA,NA,NA,"NaN","G12V",17.2441,0
"8","TCGA-05-4395",NA,NA,NA,NA,"NaN","G12V",0.8053,0
"9","TCGA-05-4396",NA,NA,NA,NA,"NaN","NaN",0,0
"10","TCGA-05-4397",0.1115954364307,2.82000128864899,25.2698620915398,81738,NA,NA,150.1933,1
"11","TCGA-05-4398",0.100262300937518,0.0916211750867529,0.913814806064045,9123,"NaN","NaN",13.0492,0
"12","TCGA-05-4402",NA,NA,NA,NA,"TSPKANKE751del","NaN",2.4127,0
"13","TCGA-05-4403",0.00213313652694912,0.285232413935381,133.71502964385,6960,"NaN","G12C",15.0125,0
"14","TCGA-05-4405",NA,NA,NA,NA,"NaN","G12C",1.3253,0
"15","TCGA-05-4410",NA,NA,NA,NA,"R377S","NaN",5.3517,0
"16","TCGA-05-4415",NA,NA,NA,NA,"NaN","G12C",4,0
"17","TCGA-05-4417",0.0158974282059904,0.0600619409874649,3.77809166421224,865,"NaN","G12C",2.5415,0
"18","TCGA-05-4418",0,0.0657663770531049,Inf,1152,"NaN","G12C",2.3265,0
"19","TCGA-05-4420",0.0088698248583506,0.0235602401600022,2.65622383037486,1104,"NaN","NaN",1.0518,0
"20","TCGA-05-4422",0.00241851385995181,0.0923268436937227,38.1750318749723,2159,"NaN","NaN",4.8706,0
"21","TCGA-05-4424",0.0887868639906229,0.541824631246403,6.10253146573154,9614,"NaN","NaN",33.8418,0
"22","TCGA-05-4425",NA,NA,NA,NA,"NaN","NaN",6.7152,0
"23","TCGA-05-4426",0.012488297637737,0.0679891293242547,5.44422717142855,1728,"NaN","NaN",2.3712,0
"24","TCGA-05-4427",0,0.134599923010331,Inf,1968,NA,NA,7.5681,0
"25","TCGA-05-4430",0.00498791863575439,0.00726616322202184,1.45675255605345,624,"NaN","G12C",1.5949,0
"26","TCGA-05-4432",0.00976608947753862,0.106203828554381,10.8747548134433,2112,"NaN","NaN",2.8843,0
"27","TCGA-05-4433",NA,NA,NA,NA,"NaN","G12V",96.6942,NA
"28","TCGA-05-4434",0.00469209536533619,0.110893958261189,23.6342080939873,3024,NA,NA,4.974,0
"29","TCGA-05-5420",0.0183761363005301,0.106692631095227,5.80604264957206,767,"NaN","NaN",2.6851,0
"30","TCGA-05-5423",0.00712060999547229,0.355639630897204,49.9451073887407,3264,"L833F","NaN",14.652,0
"31","TCGA-05-5425",0,0.244585567755272,Inf,2543,NA,NA,7.9186,0
"32","TCGA-05-5428",0,0.0375191148139956,Inf,384,"NaN","NaN",2.6161,0
"33","TCGA-05-5429",0,0,NA,0,"NaN","NaN",0,0
"34","TCGA-05-5715",0.0132020984820334,0.686874581915573,52.0276820272424,5760,"NaN","NaN",35.9165,0
"35","TCGA-35-3615",0,0.17233214334687,Inf,4987,"NaN","G12C",12.9955,0
"36","TCGA-35-4122",0.00358548473339919,0.25142862644286,70.1240264951554,4600,NA,NA,18.0905,0
"37","TCGA-35-4123",0.000506637433349274,0.00131981699318322,2.60505226480836,200,NA,NA,0.8782,0
"38","TCGA-35-5375",NA,NA,NA,NA,NA,NA,7.7691,0
"39","TCGA-38-4625",0.00277445995260148,0.0597126200529282,21.5222497614134,1753,NA,NA,5.3506,0
"40","TCGA-38-4625",0.00277445995260148,0.0597126200529282,21.5222497614134,1753,NA,NA,17.2349,0
"41","TCGA-38-4626",0.0118838828884502,0.179889967217239,15.1373056185257,4705,"NaN","G12V",6.2029,0
"42","TCGA-38-4626",0.0118838828884502,0.179889967217239,15.1373056185257,4705,"NaN","G12V",7.4656,0
"43","TCGA-38-4627",NA,NA,NA,NA,"L62R","NaN",4.378,0
"44","TCGA-38-4627",NA,NA,NA,NA,"L62R","NaN",6.4656,0
"45","TCGA-38-4628",NA,NA,NA,NA,"ELREA746del","NaN",6.6372,0
"46","TCGA-38-4629",NA,NA,NA,NA,NA,NA,1.8138,0
"47","TCGA-38-4630",NA,NA,NA,NA,NA,NA,16.3971,0
"48","TCGA-38-4631",NA,NA,NA,NA,"NaN","NaN",1.5695,0
"49","TCGA-38-4632",0.00103085175300603,0.618435713254694,599.926916213991,4752,"NaN","NaN",3.0587,0
"50","TCGA-38-4632",0.00103085175300603,0.618435713254694,599.926916213991,4752,"NaN","NaN",33.7265,0
"51","TCGA-38-6178",NA,NA,NA,NA,"ELREA746del","NaN",2.3401,0
"52","TCGA-38-7271",NA,NA,NA,NA,NA,NA,9.8709,0
"53","TCGA-38-A44F",NA,NA,NA,NA,NA,NA,34.8174,0
"54","TCGA-44-2655",0.001800179807256,0.0561238756990154,31.1768166006509,1680,"NaN","NaN",1.2327,0
"55","TCGA-44-2655",0.001800179807256,0.0561238756990154,31.1768166006509,1680,"NaN","NaN",3.1076,0
"56","TCGA-44-2656",0.0376873757365482,0.18577296386697,4.92931546005238,6481,"NaN","NaN",11.9225,0
"57","TCGA-44-2657",NA,NA,NA,NA,"NaN","NaN",5.6915,0
"58","TCGA-44-2657",NA,NA,NA,NA,"NaN","NaN",14.7651,0
"59","TCGA-44-2659",0.0135842743911132,0.0512033981204262,3.76931418242872,2160,"NaN","NaN",4.5767,0
"60","TCGA-44-2661",0.0107706973404698,0.0659473040995844,6.12284441897686,1500,"ELREA746del","NaN",3.7957,0
"61","TCGA-44-2661",0.0107706973404698,0.0659473040995844,6.12284441897686,1500,"ELREA746del","NaN",5.7637,0
"62","TCGA-44-2662",0,0.0457487392970554,Inf,1008,"NaN","NaN",1.8984,0
"63","TCGA-44-2662",0,0.0457487392970554,Inf,1008,"NaN","NaN",2.5137,0
"64","TCGA-44-2665",0.00322439235851282,0.0687975022838307,21.3365789998219,1200,"NaN","NaN",4.7438,0
"65","TCGA-44-2665",0.00322439235851282,0.0687975022838307,21.3365789998219,1200,"NaN","NaN",4.878,0
"66","TCGA-44-2666",NA,NA,NA,NA,"NaN","NaN",6.2559,0
"67","TCGA-44-2668",0.0045306485438795,0.0341334894750247,7.53390803644127,672,NA,NA,1.0918,0
"68","TCGA-44-2668",0.0045306485438795,0.0341334894750247,7.53390803644127,672,NA,NA,5.7604,0
"69","TCGA-44-3396",NA,NA,NA,NA,"NaN","NaN",3.5802,0
"70","TCGA-44-3396",NA,NA,NA,NA,"NaN","NaN",4.4421,0
"71","TCGA-44-3398",0.0080910045973795,0.0826142865337394,10.2106339873415,1400,NA,NA,1.42,0
"72","TCGA-44-3398",0.0080910045973795,0.0826142865337394,10.2106339873415,1400,NA,NA,2.9979,0
"73","TCGA-44-3918",0.0052551820418902,0.0511182088924502,9.72720040618495,1348,NA,NA,3.8139,0
"74","TCGA-44-3919",0.00414284063615608,0.0393501241804588,9.4983436816362,1050,"NaN","NaN",2.6016,0
"75","TCGA-44-4112",0.0384746026250774,0.101561382780538,2.63969933023665,2775,"NaN","NaN",5.2209,0
"76","TCGA-44-5643",0.997492707893597,1.48324932408707,1.48697761131432,40074,NA,NA,179.7183,0
"77","TCGA-44-5644",NA,NA,NA,NA,NA,NA,24.6052,0
"78","TCGA-44-5645",0.0102782264349461,0.0454702603779395,4.42394032333633,336,"NaN","NaN",0.5737,0
"79","TCGA-44-5645",0.0102782264349461,0.0454702603779395,4.42394032333633,336,"NaN","NaN",20.6041,0
"80","TCGA-44-5645",0.0266358979737062,0.338788636792718,12.719249680531,5280,"NaN","NaN",0.5737,0
"81","TCGA-44-5645",0.0266358979737062,0.338788636792718,12.719249680531,5280,"NaN","NaN",20.6041,0
"82","TCGA-44-6144",0,0.781592790010795,Inf,7632,NA,NA,36.5156,0
"83","TCGA-44-6145",0.00347553568156472,0.0323790139280869,9.31626571979533,432,"NaN","G12V",2.1775,0
"84","TCGA-44-6145",0.00347553568156472,0.0323790139280869,9.31626571979533,432,"NaN","G12V",2.5268,0
"85","TCGA-44-6146",0,0.0074947617805827,Inf,48,"NaN","G12V",0,0
"86","TCGA-44-6146",0,0.0074947617805827,Inf,48,"NaN","G12V",2.3383,0
"87","TCGA-44-6146",0,0.121566502328824,Inf,768,"NaN","G12V",0,0
"88","TCGA-44-6146",0,0.121566502328824,Inf,768,"NaN","G12V",2.3383,0
"89","TCGA-44-6147",0,0.00724265690882829,Inf,192,"S768I","NaN",0.5999,0
"90","TCGA-44-6147",0,0.00724265690882829,Inf,192,"S768I","NaN",6.0109,0
"91","TCGA-44-6147",0.0165440644258332,0.0559224110689226,3.38020994294491,1496,"S768I","NaN",0.5999,0
"92","TCGA-44-6147",0.0165440644258332,0.0559224110689226,3.38020994294491,1496,"S768I","NaN",6.0109,0
"93","TCGA-44-6148",0.00341172075649695,0.0410063443003225,12.0192557442557,336,NA,NA,0.4708,0
"94","TCGA-44-6148",0.00341172075649695,0.0410063443003225,12.0192557442557,336,NA,NA,2.6785,0
"95","TCGA-44-6148",0.0140771515462689,0.0937892768916708,6.66251809418997,960,NA,NA,0.4708,0
"96","TCGA-44-6148",0.0140771515462689,0.0937892768916708,6.66251809418997,960,NA,NA,2.6785,0
"97","TCGA-44-6774",NA,NA,NA,NA,"NaN","NaN",0.9294,0
"98","TCGA-44-6775",0.117452074692609,0.279003359023195,2.37546556545205,5280,"NaN","NaN",16.6583,0
"99","TCGA-44-6776",0,0.0795861197292139,Inf,960,"NaN","G12D",5.0287,0
"100","TCGA-44-6776",0,0.0795861197292139,Inf,960,"NaN","G12D",9.9291,0
"101","TCGA-44-6776",0.0136639423597421,0.173933051394433,12.7293461004995,1872,"NaN","G12D",5.0287,0
"102","TCGA-44-6776",0.0136639423597421,0.173933051394433,12.7293461004995,1872,"NaN","G12D",9.9291,0
"103","TCGA-44-6777",0,0.0733711562800385,Inf,768,"NaN","G12C",5.7995,0
"104","TCGA-44-6777",0,0.0733711562800385,Inf,768,"NaN","G12C",29.4582,0
"105","TCGA-44-6777",0.170058891312728,0.300877389081431,1.76925409050289,7787,"NaN","G12C",5.7995,0
"106","TCGA-44-6777",0.170058891312728,0.300877389081431,1.76925409050289,7787,"NaN","G12C",29.4582,0
"107","TCGA-44-6778",0.00341683009161308,0.514572949049528,150.5995133655,6093,NA,NA,4.1274,0
"108","TCGA-44-6778",0.00341683009161308,0.514572949049528,150.5995133655,6093,NA,NA,29.8223,0
"109","TCGA-44-6778",0.00515571734027112,0.186460321767487,36.1657378520448,1365,NA,NA,4.1274,0
"110","TCGA-44-6778",0.00515571734027112,0.186460321767487,36.1657378520448,1365,NA,NA,29.8223,0
"111","TCGA-44-6779",NA,NA,NA,NA,"NaN","NaN",0.797,0
"112","TCGA-44-7659",NA,NA,NA,NA,"NaN","G12C",8.2212,0
"113","TCGA-44-7660",NA,NA,NA,NA,NA,NA,6.3085,0
"114","TCGA-44-7661",NA,NA,NA,NA,NA,NA,2.1861,0
"115","TCGA-44-7662",NA,NA,NA,NA,"NaN","NaN",3.5516,0
"116","TCGA-44-7667",NA,NA,NA,NA,NA,NA,502.0705,NA
"117","TCGA-44-7669",NA,NA,NA,NA,NA,NA,1.5334,0
"118","TCGA-44-7670",NA,NA,NA,NA,"NaN","NaN",2.7823,0
"119","TCGA-44-7671",NA,NA,NA,NA,"NaN","G12C",1.5754,0
"120","TCGA-44-7672",NA,NA,NA,NA,"NaN","G12A",13.2761,0
"121","TCGA-44-8117",NA,NA,NA,NA,NA,NA,4.3359,0
"122","TCGA-44-8119",NA,NA,NA,NA,NA,NA,0.263,0
"123","TCGA-44-8120",NA,NA,NA,NA,NA,NA,3.3641,0
"124","TCGA-44-A479",NA,NA,NA,NA,NA,NA,1.7026,0
"125","TCGA-44-A47A",NA,NA,NA,NA,NA,NA,8.7001,0
"126","TCGA-44-A47B",NA,NA,NA,NA,NA,NA,0.4478,0
"127","TCGA-44-A47G",NA,NA,NA,NA,NA,NA,4.0276,0
"128","TCGA-44-A4SS",NA,NA,NA,NA,NA,NA,4.4308,0
"129","TCGA-44-A4SU",NA,NA,NA,NA,NA,NA,6.5735,0
"130","TCGA-49-4486",NA,NA,NA,NA,"NaN","NaN",3.6574,0
"131","TCGA-49-4487",NA,NA,NA,NA,"NaN","NaN",5.8972,0
"132","TCGA-49-4488",0.00910181554898611,0.0581407223558319,6.38781593001063,326,"NaN","NaN",0,0
"133","TCGA-49-4490",0,0,NA,0,"L858R","NaN",0,0
"134","TCGA-49-4490",0,0,NA,0,"L858R","NaN",3.7443,0
"135","TCGA-49-4494",NA,NA,NA,NA,"T790M","NaN",0.8518,0
"136","TCGA-49-4501",NA,NA,NA,NA,"ELREA746del","NaN",5.284,0
"137","TCGA-49-4505",0.0290044168152986,0.0204010669484736,0.703377939931993,2616,"NaN","G12C",5.3326,0
"138","TCGA-49-4506",NA,NA,NA,NA,"NaN","NaN",2.3878,0
"139","TCGA-49-4507",0,0.00255374031184473,Inf,144,"NaN","NaN",0.3459,0
"140","TCGA-49-4510",NA,NA,NA,NA,"NaN","G12D",0.3193,0
"141","TCGA-49-4512",0,0.0169582490449116,Inf,336,"NaN","NaN",2.5707,0
"142","TCGA-49-4512",0,0.0169582490449116,Inf,336,"NaN","NaN",11.5296,0
"143","TCGA-49-4512",0.029701170756128,0.150616210337467,5.07105297545861,1968,"NaN","NaN",2.5707,0
"144","TCGA-49-4512",0.029701170756128,0.150616210337467,5.07105297545861,1968,"NaN","NaN",11.5296,0
"145","TCGA-49-4514",0,0.0403086268764577,Inf,192,"NaN","NaN",0.7651,0
"146","TCGA-49-6742",0,0.00224416484870006,Inf,97,"NaN","NaN",0.7457,0
"147","TCGA-49-6742",0,0.00224416484870006,Inf,97,"NaN","NaN",1.8086,0
"148","TCGA-49-6742",0.0117733292570183,0.00493024685532952,0.418764034174149,480,"NaN","NaN",0.7457,0
"149","TCGA-49-6742",0.0117733292570183,0.00493024685532952,0.418764034174149,480,"NaN","NaN",1.8086,0
"150","TCGA-49-6743",0,0.107391336247324,Inf,1211,NA,NA,1.4006,0
"151","TCGA-49-6743",0,0.107391336247324,Inf,1211,NA,NA,4.8833,0
"152","TCGA-49-6743",0.00978435375848295,0.00809127492661742,0.826960586906658,340,NA,NA,1.4006,0
"153","TCGA-49-6743",0.00978435375848295,0.00809127492661742,0.826960586906658,340,NA,NA,4.8833,0
"154","TCGA-49-6744",0.00484137482940934,0.108460411803035,22.4028123466465,1056,"NaN","G12C",4.564,0
"155","TCGA-49-6744",0.00484137482940934,0.108460411803035,22.4028123466465,1056,"NaN","G12C",4.5825,0
"156","TCGA-49-6744",0.00801147120791427,0.0741851774103862,9.25986944034712,1115,"NaN","G12C",4.564,0
"157","TCGA-49-6744",0.00801147120791427,0.0741851774103862,9.25986944034712,1115,"NaN","G12C",4.5825,0
"158","TCGA-49-6745",0,0.195633792064044,Inf,1872,"NaN","NaN",2.952,0
"159","TCGA-49-6745",0,0.195633792064044,Inf,1872,"NaN","NaN",5.8968,0
"160","TCGA-49-6745",0.00767635142758232,0.0831387548871658,10.8305040059051,720,"NaN","NaN",2.952,0
"161","TCGA-49-6745",0.00767635142758232,0.0831387548871658,10.8305040059051,720,"NaN","NaN",5.8968,0
"162","TCGA-49-6761",1.34451360762841,1.01911777065753,0.757982488890651,33202,"NaN","G12D",17.6349,0
"163","TCGA-49-6761",1.34451360762841,1.01911777065753,0.757982488890651,33202,"NaN","G12D",156.9203,0
"164","TCGA-49-6767",0.000775071052953621,0.00201910060188423,2.60505226480836,192,"NaN","NaN",1.1834,0
"165","TCGA-49-AAQV",NA,NA,NA,NA,NA,NA,13.7772,0
"166","TCGA-49-AAR0",NA,NA,NA,NA,NA,NA,17.3525,0
"167","TCGA-49-AAR2",NA,NA,NA,NA,NA,NA,1.2374,0
"168","TCGA-49-AAR3",NA,NA,NA,NA,NA,NA,5.2265,0
"169","TCGA-49-AAR4",NA,NA,NA,NA,NA,NA,5.0441,0
"170","TCGA-49-AAR9",NA,NA,NA,NA,NA,NA,2.7536,0
"171","TCGA-49-AARE",NA,NA,NA,NA,NA,NA,11.3792,0
"172","TCGA-49-AARN",NA,NA,NA,NA,NA,NA,0.7463,0
"173","TCGA-49-AARO",NA,NA,NA,NA,NA,NA,2.8827,0
"174","TCGA-49-AARQ",NA,NA,NA,NA,NA,NA,58.427,0
"175","TCGA-49-AARR",NA,NA,NA,NA,NA,NA,3.5719,0
"176","TCGA-4B-A93V",NA,NA,NA,NA,NA,NA,0.4811,0
"177","TCGA-50-5044",0.0080363688365109,0.0428606058528645,5.33332985640726,480,"NaN","NaN",3.0706,0
"178","TCGA-50-5045",NA,NA,NA,NA,NA,NA,24.5347,0
"179","TCGA-50-5049",0,0.189199113792755,Inf,2927,"NaN","NaN",15.625,0
"180","TCGA-50-5051",0.017889529592464,0.0382651664609179,2.13896996358346,758,"NaN","G12C",3.873,0
"181","TCGA-50-5055",NA,NA,NA,NA,"NaN","NaN",4.9834,0
"182","TCGA-50-5066",NA,NA,NA,NA,NA,NA,2.6132,0
"183","TCGA-50-5066",NA,NA,NA,NA,NA,NA,3.0568,0
"184","TCGA-50-5068",NA,NA,NA,NA,"NaN","NaN",6.8406,0
"185","TCGA-50-5072",0,0.0583355461827178,Inf,1503,"NaN","NaN",5.5427,0
"186","TCGA-50-5930",0.00439920071488476,0.0704924094055243,16.0239129728753,480,NA,NA,0.7593,0
"187","TCGA-50-5930",0.00439920071488476,0.0704924094055243,16.0239129728753,480,NA,NA,11.9525,0
"188","TCGA-50-5931",0,0.231335261849182,Inf,1919,"NaN","NaN",0.6313,0
"189","TCGA-50-5931",0,0.231335261849182,Inf,1919,"NaN","NaN",6.9124,0
"190","TCGA-50-5931",0.00508207069934731,0.0193701313520211,3.81146436127085,240,"NaN","NaN",0.6313,0
"191","TCGA-50-5931",0.00508207069934731,0.0193701313520211,3.81146436127085,240,"NaN","NaN",6.9124,0
"192","TCGA-50-5932",0.00390929924669331,0.00726590489306181,1.85862079993178,384,"NaN","G12C",0.8117,0
"193","TCGA-50-5932",0.00390929924669331,0.00726590489306181,1.85862079993178,384,"NaN","G12C",1.2469,0
"194","TCGA-50-5932",0.00776977141356137,0.0188542094924226,2.42661057692308,383,"NaN","G12C",0.8117,0
"195","TCGA-50-5932",0.00776977141356137,0.0188542094924226,2.42661057692308,383,"NaN","G12C",1.2469,0
"196","TCGA-50-5933",0.00998200563726987,0.0898810788506181,9.00431056811155,960,"NaN","G12C",1.0205,0
"197","TCGA-50-5933",0.00998200563726987,0.0898810788506181,9.00431056811155,960,"NaN","G12C",3.4096,0
"198","TCGA-50-5935",0.0196841114332599,0.13053097178958,6.63128596036213,1008,"NaN","NaN",2.5466,0
"199","TCGA-50-5935",0.0196841114332599,0.13053097178958,6.63128596036213,1008,"NaN","NaN",5.418,0
"200","TCGA-50-5935",0.0257877516300464,0.207082836014525,8.03027883102628,1632,"NaN","NaN",2.5466,0
"201","TCGA-50-5935",0.0257877516300464,0.207082836014525,8.03027883102628,1632,"NaN","NaN",5.418,0
"202","TCGA-50-5936",NA,NA,NA,NA,"NaN","G12C",3.655,0
"203","TCGA-50-5936",NA,NA,NA,NA,"NaN","G12C",6.8632,0
"204","TCGA-50-5939",NA,NA,NA,NA,"NaN","NaN",3.4206,0
"205","TCGA-50-5939",NA,NA,NA,NA,"NaN","NaN",12.8633,0
"206","TCGA-50-5941",0,0.110149062885356,Inf,1439,"NaN","G12A",7.6923,0
"207","TCGA-50-5942",0.00632519843663281,0.0264205343464769,4.17702853296437,288,"NaN","NaN",1.2786,0
"208","TCGA-50-5944",0.00809021133765304,0.0477156872653325,5.89795312802975,528,"L858R","NaN",1.2197,0
"209","TCGA-50-5946",NA,NA,NA,NA,NA,NA,1.9299,0
"210","TCGA-50-5946",NA,NA,NA,NA,NA,NA,2.193,0
"211","TCGA-50-6590",0.00927898209306049,0.0280034485069117,3.01794401864993,728,NA,NA,3.2609,0
"212","TCGA-50-6591",0.0795950493053534,0.164006210137509,2.06050767690747,2544,NA,NA,5.3763,0
"213","TCGA-50-6592",0.00589464464575756,0.00873522493675857,1.48189169351293,288,NA,NA,0.4281,0
"214","TCGA-50-6593",0.0230681948723114,0.163368152654193,7.08196517146137,2064,"NaN","NaN",9.6216,0
"215","TCGA-50-6594",0.00560368659501063,0.0156484323793518,2.7925245486221,288,NA,NA,1.4085,0
"216","TCGA-50-6595",0.0192787246519006,0.0670494245705212,3.47789730810389,1248,"G719A","NaN",7.074,0
"217","TCGA-50-6595",0.0192787246519006,0.0670494245705212,3.47789730810389,1248,"G719A","NaN",10.1246,0
"218","TCGA-50-6597",0,0.00242871597729447,Inf,96,"NaN","NaN",0.9425,0
"219","TCGA-50-6673",0.0235258928058937,0.0382266704663533,1.62487650444351,720,"773_774insH","NaN",2.2434,0
"220","TCGA-50-7109",NA,NA,NA,NA,"NaN","G12C",2.4408,0
"221","TCGA-50-8457",NA,NA,NA,NA,NA,NA,1.3316,0
"222","TCGA-50-8459",NA,NA,NA,NA,NA,NA,6.714,0
"223","TCGA-50-8460",NA,NA,NA,NA,NA,NA,381.0409,NA
"224","TCGA-53-7624",NA,NA,NA,NA,NA,NA,1.7567,0
"225","TCGA-53-7626",NA,NA,NA,NA,"NaN","NaN",2.5609,0
"226","TCGA-53-7813",NA,NA,NA,NA,"NaN","G12A",0,0
"227","TCGA-53-A4EZ",NA,NA,NA,NA,NA,NA,0,0
"228","TCGA-55-1592",0.0741139320254206,0.481633134497659,6.49855056040559,13488,"NaN","NaN",27.3356,0
"229","TCGA-55-1594",0.0167672894986433,0.129553373995669,7.72655437279541,1718,"NaN","NaN",3.5377,0
"230","TCGA-55-1595",0.00250292973651014,0.0562181889541826,22.4609537112169,1094,NA,NA,1.526,0
"231","TCGA-55-1596",0.0472126657371099,0.0354578843657943,0.751024832260718,1359,"NaN","NaN",5.3286,0
"232","TCGA-55-5899",NA,NA,NA,NA,NA,NA,14.8593,0
"233","TCGA-55-6543",0.0694660645348019,0.442512099746021,6.37019100922762,6451,"NaN","NaN",22.854,0
"234","TCGA-55-6642",NA,NA,NA,NA,"NaN","G12V",4.5872,0
"235","TCGA-55-6712",NA,NA,NA,NA,"NaN","NaN",8.0663,0
"236","TCGA-55-6968",0,0.0216182486810483,Inf,96,NA,NA,0,0
"237","TCGA-55-6968",0,0.0216182486810483,Inf,96,NA,NA,10.8758,0
"238","TCGA-55-6968",0.0637102959469885,0.16093347899552,2.52601995648283,2810,NA,NA,0,0
"239","TCGA-55-6968",0.0637102959469885,0.16093347899552,2.52601995648283,2810,NA,NA,10.8758,0
"240","TCGA-55-6969",0,0.371926303850323,Inf,4032,NA,NA,6.554,0
"241","TCGA-55-6969",0,0.371926303850323,Inf,4032,NA,NA,25.4237,0
"242","TCGA-55-6969",0.0080839674610518,0.0968275669609617,11.9777284393428,2736,NA,NA,6.554,0
"243","TCGA-55-6969",0.0080839674610518,0.0968275669609617,11.9777284393428,2736,NA,NA,25.4237,0
"244","TCGA-55-6970",0,0.0964770172808285,Inf,1104,"NaN","G12V",5.7822,0
"245","TCGA-55-6970",0,0.0964770172808285,Inf,1104,"NaN","G12V",6.0241,0
"246","TCGA-55-6970",0.00300314386506016,0.118030798228025,39.302412249125,2736,"NaN","G12V",5.7822,0
"247","TCGA-55-6970",0.00300314386506016,0.118030798228025,39.302412249125,2736,"NaN","G12V",6.0241,0
"248","TCGA-55-6971",0.00594072868431676,0.21223876670835,35.7260494438418,2231,"NaN","NaN",11.9681,0
"249","TCGA-55-6971",0.00594072868431676,0.21223876670835,35.7260494438418,2231,"NaN","NaN",13.5528,0
"250","TCGA-55-6971",0.016626392000778,0.29421794267714,17.6958381988932,2544,"NaN","NaN",11.9681,0
"251","TCGA-55-6971",0.016626392000778,0.29421794267714,17.6958381988932,2544,"NaN","NaN",13.5528,0
"252","TCGA-55-6972",0.00314416716215345,0.112405126101938,35.7503657741121,864,"NaN","NaN",2.2831,0
"253","TCGA-55-6972",0.00314416716215345,0.112405126101938,35.7503657741121,864,"NaN","NaN",3.937,0
"254","TCGA-55-6975",NA,NA,NA,NA,NA,NA,0.9001,0
"255","TCGA-55-6975",NA,NA,NA,NA,NA,NA,3.3529,0
"256","TCGA-55-6978",0.00446934706228079,0.0230786492902444,5.1637630662021,432,"NaN","NaN",3.3727,0
"257","TCGA-55-6978",0.00446934706228079,0.0230786492902444,5.1637630662021,432,"NaN","NaN",8.6461,0
"258","TCGA-55-6979",0,0.22737256884103,Inf,2496,"NaN","NaN",8.45,0
"259","TCGA-55-6979",0,0.22737256884103,Inf,2496,"NaN","NaN",14.0938,0
"260","TCGA-55-6980",NA,NA,NA,NA,"709_710ET>D","NaN",0,0
"261","TCGA-55-6980",NA,NA,NA,NA,"709_710ET>D","NaN",5.305,0
"262","TCGA-55-6981",NA,NA,NA,NA,"LREAT747del","NaN",3.7326,0
"263","TCGA-55-6981",NA,NA,NA,NA,"LREAT747del","NaN",9.6491,0
"264","TCGA-55-6982",0,0.0543218763287033,Inf,288,"NaN","NaN",0.7232,0
"265","TCGA-55-6982",0,0.0543218763287033,Inf,288,"NaN","NaN",17.5156,0
"266","TCGA-55-6982",0.130121774691753,0.12510794476828,0.961468171369855,3039,"NaN","NaN",0.7232,0
"267","TCGA-55-6982",0.130121774691753,0.12510794476828,0.961468171369855,3039,"NaN","NaN",17.5156,0
"268","TCGA-55-6983",0,0.187746274684137,Inf,1392,"NaN","G12C",7.8057,0
"269","TCGA-55-6983",0,0.187746274684137,Inf,1392,"NaN","G12C",10.6383,0
"270","TCGA-55-6984",0,0.00826968273721381,Inf,143,NA,NA,0,0
"271","TCGA-55-6984",0,0.00826968273721381,Inf,143,NA,NA,2.9828,0
"272","TCGA-55-6984",0.00414994827411729,0.0779738861198161,18.7891224105441,1488,NA,NA,0,0
"273","TCGA-55-6984",0.00414994827411729,0.0779738861198161,18.7891224105441,1488,NA,NA,2.9828,0
"274","TCGA-55-6985",0.0085370531473371,0.233326527101196,27.331038365853,4462,"NaN","NaN",5.9701,0
"275","TCGA-55-6985",0.0085370531473371,0.233326527101196,27.331038365853,4462,"NaN","NaN",12.6034,0
"276","TCGA-55-6985",0.0151982951541396,0.0866082492944184,5.69855029238781,1008,"NaN","NaN",5.9701,0
"277","TCGA-55-6985",0.0151982951541396,0.0866082492944184,5.69855029238781,1008,"NaN","NaN",12.6034,0
"278","TCGA-55-6986",0,0.157903856415391,Inf,2158,"NaN","NaN",7.0988,0
"279","TCGA-55-6986",0,0.157903856415391,Inf,2158,"NaN","NaN",11.6279,0
"280","TCGA-55-6987",NA,NA,NA,NA,NA,NA,7.4153,0
"281","TCGA-55-7227",NA,NA,NA,NA,NA,NA,4.8376,0
"282","TCGA-55-7281",NA,NA,NA,NA,"NaN","G12C",3.4188,0
"283","TCGA-55-7283",NA,NA,NA,NA,"NaN","G12S",5.0125,0
"284","TCGA-55-7284",NA,NA,NA,NA,NA,NA,109.3942,NA
"285","TCGA-55-7570",NA,NA,NA,NA,NA,NA,3.9216,0
"286","TCGA-55-7573",NA,NA,NA,NA,"K754E","NaN",4.8038,0
"287","TCGA-55-7574",NA,NA,NA,NA,"NaN","NaN",7.9381,0
"288","TCGA-55-7576",NA,NA,NA,NA,"NaN","G12S",7.576,0
"289","TCGA-55-7724",NA,NA,NA,NA,"NaN","NaN",9.018,0
"290","TCGA-55-7725",NA,NA,NA,NA,"NaN","G12V",6.3025,0
"291","TCGA-55-7726",NA,NA,NA,NA,"NaN","G12C",0.8873,0
"292","TCGA-55-7727",NA,NA,NA,NA,"NaN","NaN",4.5872,0
"293","TCGA-55-7728",NA,NA,NA,NA,"NaN","G12V",43.3414,0
"294","TCGA-55-7815",NA,NA,NA,NA,"NaN","G12V",6.012,0
"295","TCGA-55-7816",NA,NA,NA,NA,NA,NA,4.7312,0
"296","TCGA-55-7903",NA,NA,NA,NA,"NaN","NaN",10.4634,0
"297","TCGA-55-7907",NA,NA,NA,NA,"NaN","G12C",2.3456,0
"298","TCGA-55-7910",NA,NA,NA,NA,NA,NA,0.9259,0
"299","TCGA-55-7911",NA,NA,NA,NA,"NaN","K88*",7.4006,0
"300","TCGA-55-7913",NA,NA,NA,NA,NA,NA,2.2957,0
"301","TCGA-55-7914",NA,NA,NA,NA,"NaN","G12C",2.9985,0
"302","TCGA-55-7994",NA,NA,NA,NA,NA,NA,4.7492,0
"303","TCGA-55-7995",NA,NA,NA,NA,NA,NA,7.6384,0
"304","TCGA-55-8085",NA,NA,NA,NA,NA,NA,3.4795,0
"305","TCGA-55-8087",NA,NA,NA,NA,NA,NA,4.1885,0
"306","TCGA-55-8089",NA,NA,NA,NA,NA,NA,9.9798,0
"307","TCGA-55-8090",NA,NA,NA,NA,NA,NA,13.6265,0
"308","TCGA-55-8091",NA,NA,NA,NA,NA,NA,5.6269,0
"309","TCGA-55-8092",NA,NA,NA,NA,NA,NA,1.3346,0
"310","TCGA-55-8094",NA,NA,NA,NA,NA,NA,0.596,0
"311","TCGA-55-8096",NA,NA,NA,NA,NA,NA,25.2598,0
"312","TCGA-55-8097",NA,NA,NA,NA,NA,NA,16.4133,0
"313","TCGA-55-8203",NA,NA,NA,NA,NA,NA,8.0882,0
"314","TCGA-55-8204",NA,NA,NA,NA,NA,NA,0,0
"315","TCGA-55-8205",NA,NA,NA,NA,NA,NA,3.7975,0
"316","TCGA-55-8206",NA,NA,NA,NA,NA,NA,1.4767,0
"317","TCGA-55-8207",NA,NA,NA,NA,NA,NA,7.628,0
"318","TCGA-55-8208",NA,NA,NA,NA,NA,NA,45.3842,0
"319","TCGA-55-8299",NA,NA,NA,NA,NA,NA,4.646,0
"320","TCGA-55-8301",NA,NA,NA,NA,NA,NA,4.7312,0
"321","TCGA-55-8302",NA,NA,NA,NA,NA,NA,8.3068,0
"322","TCGA-55-8505",NA,NA,NA,NA,NA,NA,0,0
"323","TCGA-55-8506",NA,NA,NA,NA,NA,NA,3.9414,0
"324","TCGA-55-8507",NA,NA,NA,NA,NA,NA,4.329,0
"325","TCGA-55-8508",NA,NA,NA,NA,NA,NA,30.0619,0
"326","TCGA-55-8510",NA,NA,NA,NA,NA,NA,7.9559,0
"327","TCGA-55-8511",NA,NA,NA,NA,NA,NA,2.1718,0
"328","TCGA-55-8512",NA,NA,NA,NA,NA,NA,6.9482,0
"329","TCGA-55-8513",NA,NA,NA,NA,NA,NA,334.5697,NA
"330","TCGA-55-8514",NA,NA,NA,NA,NA,NA,5.1613,0
"331","TCGA-55-8614",NA,NA,NA,NA,NA,NA,1.8859,0
"332","TCGA-55-8615",NA,NA,NA,NA,NA,NA,1.6043,0
"333","TCGA-55-8616",NA,NA,NA,NA,NA,NA,0,0
"334","TCGA-55-8619",NA,NA,NA,NA,NA,NA,24.4613,0
"335","TCGA-55-8620",NA,NA,NA,NA,NA,NA,1.1907,0
"336","TCGA-55-8621",NA,NA,NA,NA,NA,NA,10.7138,0
"337","TCGA-55-A48X",NA,NA,NA,NA,NA,NA,5.3763,0
"338","TCGA-55-A48Y",NA,NA,NA,NA,NA,NA,3.1513,0
"339","TCGA-55-A48Z",NA,NA,NA,NA,NA,NA,12.9745,0
"340","TCGA-55-A490",NA,NA,NA,NA,NA,NA,0.984,0
"341","TCGA-55-A491",NA,NA,NA,NA,NA,NA,1.0588,0
"342","TCGA-55-A492",NA,NA,NA,NA,NA,NA,10.1768,0
"343","TCGA-55-A493",NA,NA,NA,NA,NA,NA,0,0
"344","TCGA-55-A494",NA,NA,NA,NA,NA,NA,6.6518,0
"345","TCGA-55-A4DF",NA,NA,NA,NA,NA,NA,1.8493,0
"346","TCGA-55-A4DG",NA,NA,NA,NA,NA,NA,24.2616,0
"347","TCGA-55-A57B",NA,NA,NA,NA,NA,NA,10.2257,0
"348","TCGA-62-8394",NA,NA,NA,NA,NA,NA,7.901,0
"349","TCGA-62-8395",NA,NA,NA,NA,NA,NA,2.1931,0
"350","TCGA-62-8397",NA,NA,NA,NA,NA,NA,4.3796,0
"351","TCGA-62-8398",NA,NA,NA,NA,NA,NA,1.5013,0
"352","TCGA-62-8399",NA,NA,NA,NA,NA,NA,13.9939,0
"353","TCGA-62-8402",NA,NA,NA,NA,NA,NA,0,0
"354","TCGA-62-A46O",NA,NA,NA,NA,NA,NA,0.5574,0
"355","TCGA-62-A46P",NA,NA,NA,NA,NA,NA,2.2556,0
"356","TCGA-62-A46R",NA,NA,NA,NA,NA,NA,2.5011,0
"357","TCGA-62-A46S",NA,NA,NA,NA,NA,NA,4.415,0
"358","TCGA-62-A46U",NA,NA,NA,NA,NA,NA,13.1525,0
"359","TCGA-62-A46V",NA,NA,NA,NA,NA,NA,6.9479,0
"360","TCGA-62-A46Y",NA,NA,NA,NA,NA,NA,8.5213,0
"361","TCGA-62-A470",NA,NA,NA,NA,NA,NA,11.0837,0
"362","TCGA-62-A471",NA,NA,NA,NA,NA,NA,2.5575,0
"363","TCGA-62-A472",NA,NA,NA,NA,NA,NA,30.888,0
"364","TCGA-64-1676",0.0175912193001965,0.0445385929325819,2.5318650272346,873,"NaN","NaN",4.85,0
"365","TCGA-64-1677",NA,NA,NA,NA,"NaN","G12C",6.5646,0
"366","TCGA-64-1678",0.00538857254097153,0.0424827065589745,7.88385165755143,486,"NaN","NaN",2.8096,0
"367","TCGA-64-1679",NA,NA,NA,NA,"NaN","NaN",2.6117,0
"368","TCGA-64-1680",0,0.0413876322842887,Inf,288,"NaN","NaN",1.4948,0
"369","TCGA-64-1681",NA,NA,NA,NA,"L858R","NaN",1.8072,0
"370","TCGA-64-5774",0.0434941321930266,0.0438984527778463,1.00929598004221,1611,"NaN","G12C",5.1474,0
"371","TCGA-64-5775",1.28067990950462,1.53812122924559,1.20101925378103,47246,"NaN","Q61L",182.8591,0
"372","TCGA-64-5778",0.00240434530984994,0.00562675445073419,2.34024390243902,384,"NaN","G12C",1.5568,0
"373","TCGA-64-5779",0,0.00184016411905309,Inf,95,NA,NA,0,0
"374","TCGA-64-5781",0.049850177235257,0.00846094626611145,0.169727506206886,1296,"NaN","NaN",7.717,0
"375","TCGA-64-5815",0.0161131552870272,0.0911650179534573,5.65780049465885,1199,NA,NA,7.8555,0
"376","TCGA-67-3770",0.0144793699375349,0.0255508013327143,1.76463488694207,288,NA,NA,0.9398,0
"377","TCGA-67-3771",0.0291271768963392,0.072546659598953,2.49068627066535,1440,"NaN","NaN",6.5147,0
"378","TCGA-67-3772",0.0158174126224299,0.0140861167588199,0.8905449389899,576,"L858R","NaN",1.8727,0
"379","TCGA-67-3773",0,0.338136523343177,Inf,2256,"NaN","G12V",17.4717,0
"380","TCGA-67-3774",0,0.029224910727476,Inf,576,"NaN","G12F",1.916,0
"381","TCGA-67-4679",0,0.0854236576614503,Inf,672,NA,NA,2.2952,0
"382","TCGA-67-6215",NA,NA,NA,NA,"NaN","NaN",395.5145,NA
"383","TCGA-67-6216",0.00669518573019579,5.93784827904384,886.883279766788,70317,"NaN","NaN",391.3364,1
"384","TCGA-67-6217",0.0118058682988124,0.0696646941906106,5.90085306962288,1104,"L858R","NaN",3.98,0
"385","TCGA-69-7760",NA,NA,NA,NA,"709_710ET>D","NaN",4.3723,0
"386","TCGA-69-7761",NA,NA,NA,NA,"NaN","NaN",1.619,0
"387","TCGA-69-7763",NA,NA,NA,NA,"NaN","NaN",11.8221,0
"388","TCGA-69-7764",NA,NA,NA,NA,"NaN","NaN",1.3263,0
"389","TCGA-69-7765",NA,NA,NA,NA,"Q486*","NaN",6.2422,0
"390","TCGA-69-7973",NA,NA,NA,NA,NA,NA,36.1217,0
"391","TCGA-69-7974",NA,NA,NA,NA,NA,NA,4.1148,0
"392","TCGA-69-7978",NA,NA,NA,NA,NA,NA,9.0787,0
"393","TCGA-69-7979",NA,NA,NA,NA,NA,NA,1.1598,0
"394","TCGA-69-7980",NA,NA,NA,NA,"NaN","G12A",1.2248,0
"395","TCGA-69-8253",NA,NA,NA,NA,NA,NA,2.8571,0
"396","TCGA-69-8254",NA,NA,NA,NA,NA,NA,2.2147,0
"397","TCGA-69-8255",NA,NA,NA,NA,NA,NA,0.8322,0
"398","TCGA-69-8453",NA,NA,NA,NA,NA,NA,59.4542,0
"399","TCGA-69-A59K",NA,NA,NA,NA,NA,NA,3.075,0
"400","TCGA-71-6725",NA,NA,NA,NA,"NaN","NaN",0,0
"401","TCGA-71-8520",NA,NA,NA,NA,NA,NA,3.0999,0
"402","TCGA-73-4658",0.0464896749234475,0.0595172096706066,1.28022425987299,1728,"NaN","NaN",8.0552,0
"403","TCGA-73-4659",NA,NA,NA,NA,"NaN","G12V",10.3376,0
"404","TCGA-73-4662",0.0313187124504679,0.0258217342744655,0.824482625692351,3282,"NaN","G12C",5.6262,0
"405","TCGA-73-4666",NA,NA,NA,NA,NA,NA,6.0366,0
"406","TCGA-73-4668",NA,NA,NA,NA,NA,NA,1.23,0
"407","TCGA-73-4670",0.00214662129941572,0.040142926658225,18.7005163272867,1794,NA,NA,4.1,0
"408","TCGA-73-4675",0.00209893262508675,0.0868452148921581,41.37589451618,1259,"NaN","NaN",2.1685,0
"409","TCGA-73-4676",0.00534451366243977,0.0740300931874591,13.8516051905206,768,"NaN","NaN",2.1108,0
"410","TCGA-73-4676",0.00534451366243977,0.0740300931874591,13.8516051905206,768,"NaN","NaN",4.1433,0
"411","TCGA-73-4677",NA,NA,NA,NA,NA,NA,2.6021,0
"412","TCGA-73-7498",NA,NA,NA,NA,"NaN","G12C",2.1804,0
"413","TCGA-73-7499",NA,NA,NA,NA,"NaN","NaN",3.581,0
"414","TCGA-73-A9RS",NA,NA,NA,NA,NA,NA,1.7606,0
"415","TCGA-75-5122",0.0134336445605379,0.0561762022244214,4.1817543981655,1147,"NaN","NaN",2.5386,0
"416","TCGA-75-5125",NA,NA,NA,NA,NA,NA,66.4948,0
"417","TCGA-75-5126",NA,NA,NA,NA,"NaN","G12C",3.9809,0
"418","TCGA-75-5146",0,0.151146447631738,Inf,1007,"NaN","NaN",2.8349,0
"419","TCGA-75-5147",NA,NA,NA,NA,"NaN","NaN",10.3214,0
"420","TCGA-75-6203",NA,NA,NA,NA,"NaN","NaN",72.2146,0
"421","TCGA-75-6205",NA,NA,NA,NA,"NaN","NaN",0.8475,0
"422","TCGA-75-6206",NA,NA,NA,NA,NA,NA,4.4053,0
"423","TCGA-75-6207",NA,NA,NA,NA,"ELREA746del","NaN",2.1978,0
"424","TCGA-75-6211",NA,NA,NA,NA,"NaN","NaN",1.3149,0
"425","TCGA-75-6212",NA,NA,NA,NA,"ELR746del","NaN",12.4712,0
"426","TCGA-75-6214",NA,NA,NA,NA,"NaN","NaN",0.6074,0
"427","TCGA-75-7025",0.0152132518193639,0.0866555391727078,5.69605631995192,2544,"ELREA746del","NaN",6.4297,0
"428","TCGA-75-7027",NA,NA,NA,NA,"NaN","G12V",0.8686,0
"429","TCGA-75-7030",NA,NA,NA,NA,"NaN","G12D",0,0
"430","TCGA-75-7031",NA,NA,NA,NA,"NaN","NaN",7.5269,0
"431","TCGA-78-7143",NA,NA,NA,NA,"NaN","NaN",11.5163,0
"432","TCGA-78-7145",NA,NA,NA,NA,"NaN","G12Y",1.1638,0
"433","TCGA-78-7146",NA,NA,NA,NA,NA,NA,1.99,0
"434","TCGA-78-7147",NA,NA,NA,NA,"L387M","NaN",5.8687,0
"435","TCGA-78-7148",NA,NA,NA,NA,"NaN","G12C",2.1271,0
"436","TCGA-78-7149",NA,NA,NA,NA,"NaN","NaN",1.6543,0
"437","TCGA-78-7150",NA,NA,NA,NA,"NaN","NaN",0.5737,0
"438","TCGA-78-7152",NA,NA,NA,NA,"NaN","NaN",4.6425,0
"439","TCGA-78-7153",NA,NA,NA,NA,"NaN","NaN",1.2281,0
"440","TCGA-78-7154",NA,NA,NA,NA,"NaN","NaN",1.1907,0
"441","TCGA-78-7155",NA,NA,NA,NA,"Q432H","NaN",2.3148,0
"442","TCGA-78-7156",NA,NA,NA,NA,"NaN","NaN",0.6219,0
"443","TCGA-78-7158",NA,NA,NA,NA,"L907M","NaN",4.9793,0
"444","TCGA-78-7159",NA,NA,NA,NA,"NaN","NaN",0,0
"445","TCGA-78-7160",NA,NA,NA,NA,"NaN","G12D",15.142,0
"446","TCGA-78-7161",NA,NA,NA,NA,"NaN","G12V",0,0
"447","TCGA-78-7162",NA,NA,NA,NA,"NaN","NaN",13.5382,0
"448","TCGA-78-7163",NA,NA,NA,NA,"NaN","NaN",836.0866,NA
"449","TCGA-78-7166",NA,NA,NA,NA,"NaN","G12C",1.3375,0
"450","TCGA-78-7167",NA,NA,NA,NA,"NaN","G12F",0.2972,0
"451","TCGA-78-7220",NA,NA,NA,NA,NA,NA,1.5442,0
"452","TCGA-78-7535",NA,NA,NA,NA,"NaN","NaN",0,0
"453","TCGA-78-7536",NA,NA,NA,NA,"NaN","NaN",0.7677,0
"454","TCGA-78-7537",NA,NA,NA,NA,"NaN","NaN",2.1398,0
"455","TCGA-78-7539",NA,NA,NA,NA,"NaN","G12C",5.0074,0
"456","TCGA-78-7540",NA,NA,NA,NA,"NaN","G12V",15.5758,0
"457","TCGA-78-7542",NA,NA,NA,NA,"NaN","NaN",0.2789,0
"458","TCGA-78-7633",NA,NA,NA,NA,"NaN","NaN",1.1516,0
"459","TCGA-78-8640",NA,NA,NA,NA,NA,NA,1.167,0
"460","TCGA-78-8648",NA,NA,NA,NA,NA,NA,51.9481,0
"461","TCGA-78-8655",NA,NA,NA,NA,NA,NA,31.0323,0
"462","TCGA-78-8660",NA,NA,NA,NA,NA,NA,8.1664,0
"463","TCGA-78-8662",NA,NA,NA,NA,NA,NA,0.6618,0
"464","TCGA-80-5607",0,0.0295916861676109,Inf,288,"NaN","NaN",1.6273,0
"465","TCGA-80-5608",NA,NA,NA,NA,"NaN","G12A",26.9528,0
"466","TCGA-80-5611",0.0563032450744169,0.206061708135969,3.65985491357761,2972,NA,NA,10.0334,0
"467","TCGA-83-5908",NA,NA,NA,NA,NA,NA,1.1265,0
"468","TCGA-86-6562",NA,NA,NA,NA,"NaN","NaN",19.2952,0
"469","TCGA-86-6851",NA,NA,NA,NA,"NaN","NaN",1.4241,0
"470","TCGA-86-7701",NA,NA,NA,NA,NA,NA,1.0537,0
"471","TCGA-86-7711",NA,NA,NA,NA,NA,NA,3.8258,0
"472","TCGA-86-7713",NA,NA,NA,NA,"NaN","G12C",0.481,0
"473","TCGA-86-7714",NA,NA,NA,NA,"NaN","NaN",3.7594,0
"474","TCGA-86-7953",NA,NA,NA,NA,NA,NA,3.2499,0
"475","TCGA-86-7954",NA,NA,NA,NA,NA,NA,5.6195,0
"476","TCGA-86-7955",NA,NA,NA,NA,NA,NA,0.3012,0
"477","TCGA-86-8054",NA,NA,NA,NA,NA,NA,115.5607,NA
"478","TCGA-86-8055",NA,NA,NA,NA,NA,NA,3.0004,0
"479","TCGA-86-8056",NA,NA,NA,NA,NA,NA,33.9512,0
"480","TCGA-86-8073",NA,NA,NA,NA,NA,NA,7.5614,0
"481","TCGA-86-8074",NA,NA,NA,NA,NA,NA,10.7219,0
"482","TCGA-86-8075",NA,NA,NA,NA,NA,NA,4.2851,0
"483","TCGA-86-8076",NA,NA,NA,NA,NA,NA,5.8468,0
"484","TCGA-86-8278",NA,NA,NA,NA,NA,NA,9.3343,0
"485","TCGA-86-8279",NA,NA,NA,NA,NA,NA,0.5926,0
"486","TCGA-86-8280",NA,NA,NA,NA,NA,NA,5.4526,0
"487","TCGA-86-8281",NA,NA,NA,NA,NA,NA,5.571,0
"488","TCGA-86-8358",NA,NA,NA,NA,NA,NA,7.9574,0
"489","TCGA-86-8359",NA,NA,NA,NA,NA,NA,1.2151,0
"490","TCGA-86-8585",NA,NA,NA,NA,NA,NA,2.2056,0
"491","TCGA-86-8668",NA,NA,NA,NA,NA,NA,5.9524,0
"492","TCGA-86-8669",NA,NA,NA,NA,NA,NA,1.8904,0
"493","TCGA-86-8671",NA,NA,NA,NA,NA,NA,36.9197,0
"494","TCGA-86-8672",NA,NA,NA,NA,NA,NA,0.693,0
"495","TCGA-86-8673",NA,NA,NA,NA,NA,NA,1.173,0
"496","TCGA-86-8674",NA,NA,NA,NA,NA,NA,0,0
"497","TCGA-86-A456",NA,NA,NA,NA,NA,NA,39.0359,0
"498","TCGA-86-A4D0",NA,NA,NA,NA,NA,NA,7.4453,0
"499","TCGA-86-A4JF",NA,NA,NA,NA,NA,NA,4.8723,0
"500","TCGA-86-A4P7",NA,NA,NA,NA,NA,NA,29.4118,0
"501","TCGA-86-A4P8",NA,NA,NA,NA,NA,NA,97.5387,NA
"502","TCGA-91-6828",0.035861435307854,0.038615317373466,1.07679229908037,802,"NaN","G12V",1.2862,0
"503","TCGA-91-6828",0.035861435307854,0.038615317373466,1.07679229908037,802,"NaN","G12V",5.8923,0
"504","TCGA-91-6829",0,0.223542282872255,Inf,2928,"NaN","NaN",5.4533,0
"505","TCGA-91-6829",0,0.223542282872255,Inf,2928,"NaN","NaN",12.3903,0
"506","TCGA-91-6829",0.0138349985073455,0.13272703790476,9.59357081493651,1573,"NaN","NaN",5.4533,0
"507","TCGA-91-6829",0.0138349985073455,0.13272703790476,9.59357081493651,1573,"NaN","NaN",12.3903,0
"508","TCGA-91-6830",0.00493637910357198,0.228300076332116,46.2484893364283,1439,NA,NA,6.1303,0
"509","TCGA-91-6831",0,0.00508189973183119,Inf,240,NA,NA,1.5435,0
"510","TCGA-91-6831",0,0.00508189973183119,Inf,240,NA,NA,3.3296,0
"511","TCGA-91-6835",0.00878752157402089,0.0128795864200483,1.46566768702168,192,"L858R","NaN",0,0
"512","TCGA-91-6835",0.00878752157402089,0.0128795864200483,1.46566768702168,192,"L858R","NaN",9.9323,0
"513","TCGA-91-6835",0.114008819687651,0.221499125896023,1.94282448062231,4272,"L858R","NaN",0,0
"514","TCGA-91-6835",0.114008819687651,0.221499125896023,1.94282448062231,4272,"L858R","NaN",9.9323,0
"515","TCGA-91-6836",0.0136212240968283,1.00748788881128,73.9645630707943,9791,NA,NA,64.0679,0
"516","TCGA-91-6836",0.0136212240968283,1.00748788881128,73.9645630707943,9791,NA,NA,88.6634,1
"517","TCGA-91-6836",0.688938238678086,0.943112781819221,1.36893661705995,25143,NA,NA,64.0679,0
"518","TCGA-91-6836",0.688938238678086,0.943112781819221,1.36893661705995,25143,NA,NA,88.6634,0
"519","TCGA-91-6840",0,0.0132151812742029,Inf,528,"NaN","NaN",3.8204,0
"520","TCGA-91-6847",0,0.0243655282463261,Inf,288,"L861Q","NaN",0,0
"521","TCGA-91-6847",0,0.0243655282463261,Inf,288,"L861Q","NaN",2.7149,0
"522","TCGA-91-6848",NA,NA,NA,NA,NA,NA,2.5124,0
"523","TCGA-91-6849",0.0122009777383772,0.0558942778854071,4.58113104407986,816,"NaN","G12C",2.2247,0
"524","TCGA-91-6849",0.0122009777383772,0.0558942778854071,4.58113104407986,816,"NaN","G12C",3.8818,0
"525","TCGA-91-7771",NA,NA,NA,NA,"NaN","NaN",2.2857,0
"526","TCGA-91-8496",NA,NA,NA,NA,NA,NA,6.9697,0
"527","TCGA-91-8497",NA,NA,NA,NA,NA,NA,12.5765,0
"528","TCGA-91-8499",NA,NA,NA,NA,NA,NA,4.1353,0
"529","TCGA-91-A4BC",NA,NA,NA,NA,NA,NA,1.3055,0
"530","TCGA-91-A4BD",NA,NA,NA,NA,NA,NA,21.0403,0
"531","TCGA-93-7347",NA,NA,NA,NA,"NaN","G12C",8.547,0
"532","TCGA-93-7348",NA,NA,NA,NA,"NaN","NaN",3.9627,0
"533","TCGA-93-8067",NA,NA,NA,NA,NA,NA,0.5697,0
"534","TCGA-93-A4JN",NA,NA,NA,NA,NA,NA,4.1563,0
"535","TCGA-93-A4JO",NA,NA,NA,NA,NA,NA,6.7992,0
"536","TCGA-93-A4JP",NA,NA,NA,NA,NA,NA,5.167,0
"537","TCGA-93-A4JQ",NA,NA,NA,NA,NA,NA,6.5388,0
"538","TCGA-95-7039",0,0.0111287156253697,Inf,480,"S921R","D33E",2.1429,0
"539","TCGA-95-7043",0.00562033580611204,0.0360186847370926,6.40863570783845,336,"NaN","NaN",0.7839,0
"540","TCGA-95-7562",NA,NA,NA,NA,NA,NA,20.1975,0
"541","TCGA-95-7567",NA,NA,NA,NA,"NaN","G12V",1.6878,0
"542","TCGA-95-7944",NA,NA,NA,NA,NA,NA,0.7321,0
"543","TCGA-95-7947",NA,NA,NA,NA,"I91V","NaN",69.0642,0
"544","TCGA-95-7948",NA,NA,NA,NA,"NaN","NaN",8.5526,0
"545","TCGA-95-8039",NA,NA,NA,NA,NA,NA,5.7803,0
"546","TCGA-95-8494",NA,NA,NA,NA,NA,NA,0,0
"547","TCGA-95-A4VK",NA,NA,NA,NA,NA,NA,4.3924,0
"548","TCGA-95-A4VN",NA,NA,NA,NA,NA,NA,1.3895,0
"549","TCGA-95-A4VP",NA,NA,NA,NA,NA,NA,9.9594,0
"550","TCGA-97-7546",NA,NA,NA,NA,"NaN","NaN",1.0438,0
"551","TCGA-97-7547",NA,NA,NA,NA,NA,NA,82.7224,NA
"552","TCGA-97-7552",NA,NA,NA,NA,"NaN","NaN",15.3461,0
"553","TCGA-97-7553",NA,NA,NA,NA,"NaN","NaN",16.9657,0
"554","TCGA-97-7554",NA,NA,NA,NA,"NaN","G12V",11.0055,0
"555","TCGA-97-7937",NA,NA,NA,NA,"NaN","NaN",0,0
"556","TCGA-97-7938",NA,NA,NA,NA,"NaN","G12C",6.0423,0
"557","TCGA-97-7941",NA,NA,NA,NA,"NaN","G12A",19.4077,0
"558","TCGA-97-8171",NA,NA,NA,NA,NA,NA,1.6852,0
"559","TCGA-97-8172",NA,NA,NA,NA,NA,NA,2.3816,0
"560","TCGA-97-8174",NA,NA,NA,NA,NA,NA,4.3803,0
"561","TCGA-97-8175",NA,NA,NA,NA,NA,NA,2.087,0
"562","TCGA-97-8176",NA,NA,NA,NA,NA,NA,19.0278,0
"563","TCGA-97-8177",NA,NA,NA,NA,NA,NA,6.1813,0
"564","TCGA-97-8179",NA,NA,NA,NA,NA,NA,1.1641,0
"565","TCGA-97-8547",NA,NA,NA,NA,NA,NA,5.3622,0
"566","TCGA-97-8552",NA,NA,NA,NA,NA,NA,12.1951,0
"567","TCGA-97-A4LX",NA,NA,NA,NA,NA,NA,4.3991,0
"568","TCGA-97-A4M0",NA,NA,NA,NA,NA,NA,9.5803,0
"569","TCGA-97-A4M1",NA,NA,NA,NA,NA,NA,4.4053,0
"570","TCGA-97-A4M2",NA,NA,NA,NA,NA,NA,10.1143,0
"571","TCGA-97-A4M3",NA,NA,NA,NA,NA,NA,0.5058,0
"572","TCGA-97-A4M5",NA,NA,NA,NA,NA,NA,11.3065,0
"573","TCGA-97-A4M6",NA,NA,NA,NA,NA,NA,5.9395,0
"574","TCGA-97-A4M7",NA,NA,NA,NA,NA,NA,6.4461,0
"575","TCGA-99-7458",NA,NA,NA,NA,"NaN","G12R",15.228,0
"576","TCGA-99-8025",NA,NA,NA,NA,NA,NA,3.3322,0
"577","TCGA-99-8028",NA,NA,NA,NA,NA,NA,8.6132,0
"578","TCGA-99-8032",NA,NA,NA,NA,NA,NA,15.6449,0
"579","TCGA-99-8033",NA,NA,NA,NA,NA,NA,0.7812,0
"580","TCGA-99-AA5R",NA,NA,NA,NA,NA,NA,3.2573,0
"581","TCGA-J2-8192",NA,NA,NA,NA,NA,NA,15.7672,0
"582","TCGA-J2-8194",NA,NA,NA,NA,NA,NA,2.1805,0
"583","TCGA-J2-A4AD",NA,NA,NA,NA,NA,NA,4.0601,0
"584","TCGA-J2-A4AE",NA,NA,NA,NA,NA,NA,20.0946,0
"585","TCGA-J2-A4AG",NA,NA,NA,NA,NA,NA,5.6283,0
"586","TCGA-L4-A4E5",NA,NA,NA,NA,NA,NA,3.1854,0
"587","TCGA-L4-A4E6",NA,NA,NA,NA,NA,NA,63.9621,0
"588","TCGA-L9-A443",NA,NA,NA,NA,NA,NA,2.8078,0
"589","TCGA-L9-A444",NA,NA,NA,NA,NA,NA,9.8709,0
"590","TCGA-L9-A50W",NA,NA,NA,NA,NA,NA,0.3751,0
"591","TCGA-L9-A5IP",NA,NA,NA,NA,NA,NA,1.3146,0
"592","TCGA-L9-A743",NA,NA,NA,NA,NA,NA,4.2493,0
"593","TCGA-L9-A7SV",NA,NA,NA,NA,NA,NA,1.8861,0
"594","TCGA-L9-A8F4",NA,NA,NA,NA,NA,NA,2.9278,0
"595","TCGA-MN-A4N1",NA,NA,NA,NA,NA,NA,0.831,0
"596","TCGA-MN-A4N4",NA,NA,NA,NA,NA,NA,10.0898,0
"597","TCGA-MN-A4N5",NA,NA,NA,NA,NA,NA,9.8425,0
"598","TCGA-MP-A4SV",NA,NA,NA,NA,NA,NA,2.5652,0
"599","TCGA-MP-A4SW",NA,NA,NA,NA,NA,NA,5.4645,0
"600","TCGA-MP-A4SY",NA,NA,NA,NA,NA,NA,15.1525,0
"601","TCGA-MP-A4T4",NA,NA,NA,NA,NA,NA,9.1832,0
"602","TCGA-MP-A4T6",NA,NA,NA,NA,NA,NA,6.9533,0
"603","TCGA-MP-A4T7",NA,NA,NA,NA,NA,NA,6.1756,0
"604","TCGA-MP-A4T8",NA,NA,NA,NA,NA,NA,2.9396,0
"605","TCGA-MP-A4T9",NA,NA,NA,NA,NA,NA,13.9387,0
"606","TCGA-MP-A4TA",NA,NA,NA,NA,NA,NA,3.6355,0
"607","TCGA-MP-A4TC",NA,NA,NA,NA,NA,NA,10.0091,0
"608","TCGA-MP-A4TD",NA,NA,NA,NA,NA,NA,2.4643,0
"609","TCGA-MP-A4TE",NA,NA,NA,NA,NA,NA,0.4405,0
"610","TCGA-MP-A4TF",NA,NA,NA,NA,NA,NA,8.9723,0
"611","TCGA-MP-A4TH",NA,NA,NA,NA,NA,NA,2.7675,0
"612","TCGA-MP-A4TI",NA,NA,NA,NA,NA,NA,3.5879,0
"613","TCGA-MP-A4TJ",NA,NA,NA,NA,NA,NA,7.8603,0
"614","TCGA-MP-A4TK",NA,NA,NA,NA,NA,NA,31.6989,0
"615","TCGA-MP-A5C7",NA,NA,NA,NA,NA,NA,0,0
"616","TCGA-NJ-A4YF",NA,NA,NA,NA,NA,NA,0,0
"617","TCGA-NJ-A4YG",NA,NA,NA,NA,NA,NA,9.2379,0
"618","TCGA-NJ-A4YI",NA,NA,NA,NA,NA,NA,1.3427,0
"619","TCGA-NJ-A4YP",NA,NA,NA,NA,NA,NA,2.0325,0
"620","TCGA-NJ-A4YQ",NA,NA,NA,NA,NA,NA,7.533,0
"621","TCGA-NJ-A55A",NA,NA,NA,NA,NA,NA,2.6226,0
"622","TCGA-NJ-A55O",NA,NA,NA,NA,NA,NA,21.5869,0
"623","TCGA-NJ-A55R",NA,NA,NA,NA,NA,NA,9.3711,0
"624","TCGA-NJ-A7XG",NA,NA,NA,NA,NA,NA,1.3738,0
"625","TCGA-O1-A52J",NA,NA,NA,NA,NA,NA,4.3062,0
"626","TCGA-S2-AA1A",NA,NA,NA,NA,NA,NA,3.276,0
